,Words
,"hue,hay,ooh,hoe,eye"
b,"bob,ebb,buy,boo,buoy,bay,hob,be,obey"
bbck,buy_back
bbrn,be_born
bc,"hibachi,beach"
bck,"back,buck"
bckbt,backbite
bckcrs,backcross
bckdt,backdate
bckfr,backfire
bckgrnd,background
bckl,buckle
bcklg,backlog
bckn,beckon
bcknd,backhand
bckp,back_up
bckpck,backpack
bckpdl,backpedal
bckrm,buckram
bcksctr,backscatter
bckslp,backslap
bckspc,backspace
bckstc,backstitch
bckstp,backstop
bckstrk,backstroke
bckt,"bucket,back_out"
bcktrck,backtrack
bcl,bicycle
bclr,bachelor
bcm,become
bcn,beacon
bcnr,buccaneer
bcnt,abacinate
bct,boycott
bctrz,bacterize
bctv,be_active
bd,"bud,bid,bode,bead,bed,by-bid,be_due,bide,body"
bdb,bedaub
bdct,"abduct,abdicate"
bddwn,bed_down
bdg,badge
bdgr,badger
bdgrd,"biodegrade,body_guard"
bdgt,budget
bdgtfr,budget_for
bdmt,badmouth
bdp,bed-hop
bdpnt,bodypaint
bdrgl,bedraggle
bdsrf,body-surf
bdw,bedew
bdzn,bedizen
bf,"buff,buy_off"
bfdl,befuddle
bfl,"baffle,befall,be_full,buffalo"
bfr,buffer
bfrct,bifurcate
bfrnd,befriend
bfsct,obfuscate
bft,"buffet,befit"
bg,"beg,bag,bogey,boogie"
bgdwn,bog_down
bgl,"bugle,boggle"
bgn,begin
bgr,beggar
bgrdg,begrudge
bgt,"beget,bight"
bjct,object
bjr,abjure
bjwl,bejewel
bk,"bake,book"
bkp,book_up
bl,"bull,bail,belly,boil,bubble,blue,ballyhoo,bill,babble,bell,belay,bale,ball,hobble"
blbr,"belabor,blubber,belabour"
blc,bleach
blck,block
blckbr,blackberry
blckd,blockade
blckld,blacklead
blcklst,blacklist
blckml,blackmail
blckmrktr,black_marketeer
blckn,blacken
blckt,"black_out,block_out"
blcktp,blacktop
blckws,blackwash
bld,"bleed,bald,build,bloody,blood,behold"
bldfc,boldface
bldg,bulldog
bldgn,bludgeon
bldn,build_in
bldnc,belly_dance
bldp,build_up
bldwn,boil_down
bldz,bulldoze
blf,bluff
blflp,belly-flop
blg,"bellylaugh,bulge,bilge,blog,oblige"
blgt,"obligate,blight"
blk,"bulk,bilk"
blknz,balkanize
blm,"bloom,blame"
blms,blemish
bln,balloon
blnc,"blanch,balance"
blnd,"blind,blend,belly-land"
blndfld,blindfold
blndn,blend_in
blndsd,blindside
blng,belong
blngt,belong_to
blnk,"blink,blank"
blnkr,blinker
blnkt,"blank_out,blanket"
blnktjm,blanket_jam
blnt,blunt
blp,"bubble_up,bleep"
blprnt,blueprint
blr,blur
blrt,blare_out
blrtt,blurt_out
bls,"blush,bless,abolish"
blsm,blossom
blspm,blaspheme
blst,"blast,ballast"
blstf,blast_off
blstr,"bolster,blister,bluster"
blt,"ablate,habilitate,bloat,bolt,bail_out,bleat,belt,blot,ballot"
bltct,bell_the_cat
bltn,bulletin
bltprf,bulletproof
bltrt,obliterate
bltt,belt_out
bltvt,bullet_vote
bltz,blitz
bltzkrg,blitzkrieg
blv,believe
blvn,believe_in
blvr,"boil_over,bubble_over"
blvt,bloviate
blw,"blow,bellow,billow"
blwdr,blow-dry
blwf,blow_off
blwp,blow_up
blwrk,bulwark
blwt,blow_out
blz,blaze
blzw,blaze_away
bm,"beam,boom,bum"
bmbl,bumble
bmbp,bomb_up
bmbprf,bombproof
bmbrd,bombard
bmbt,bomb_out
bmbzl,bamboozle
bmp,bump
bmpp,bump_up
bmrng,boomerang
bn,"bone,ban,bean,bin"
bnb,hobnob
bnc,"bounce,bunch,bench"
bnct,bounce_out
bnctgtr,bunch_together
bnd,"bind,bandy,band,bond,benday,bend,bound,abound"
bndbt,bandy_about
bndg,bandage
bndgl,boondoggle
bndl,bundle
bndlf,bundle_off
bndlp,bundle_up
bndn,"abandon,abound_in"
bndnslf,band_oneself
bndr,bob_under
bndrz,bonderize
bndtgtr,band_together
bndvr,bind_over
bnfc,benefice
bnfct,"benficiate,beneficiate,benefact"
bnft,benefit
bng,"bung,bang,bong"
bngl,bungle
bngp,bang_up
bngt,"benight,abnegate,bang_out"
bnk,"bank,bunk"
bnkf,bunk_off
bnkr,bunker
bnkrl,bankroll
bnkrpt,bankrupt
bnl,hobnail
bns,banish
bnt,"bonnet,bayonet,bunt,buy_into"
bnz,ebonize
bp,"beep,bop"
bps,bypass
bptz,baptize
bqt,bequeath
br,"bray,bur,bar,bury,bare,berry,bear,bore,abhor"
brb,"barb,bribe"
brbq,barbeque
brbr,barber
brbrz,barbarize
brc,"broach,brace,birch,brooch"
brcd,"barricade,brocade"
brck,barrack
brckn,brick_in
brckt,bracket
brct,"brecciate,abreact,brachiate"
brd,"breed,brood,bird,board,abrade,bread,brad,braid,birdie,beard"
brdcst,broadcast
brdg,"abridge,bridge"
brdl,bridle
brdlm,birdlime
brdn,"broaden,burden"
brdnst,birdnest
brdp,board_up
brdr,border
brdrn,border_on
brdsd,broadside
brdwn,bear_down
brdwnn,bear_down_on
brf,brief
brg,barge
brgd,brigade
brgjm,barrage_jam
brglrz,burglarize
brgn,"burgeon,bargain,barge_in"
brgt,abrogate
brgtn,brighten
brk,"break,burke,bark,brake"
brkbrd,break_bread
brkdnc,break_dance
brkdwn,break_down
brkfst,breakfast
brkn,break_in
brknt,break_into
brkp,break_up
brkpn,break_open
brkr,broker
brksmnsrt,break_someone's_heart
brkt,break_out
brktrg,break_through
brkvn,break_even
brkwt,break_with
brl,"burl,broil,braille,brail,barrel,birl"
brm,"brim,bream,broom"
brmt,bromate
brmtzv,bar_mitzvah
brn,"burn,brine,brain"
brnc,"branch,brunch"
brnd,"brand,bob_around"
brnds,brandish
brndwn,burn_down
brnf,burn_off
brng,bring
brngbt,bring_about
brngdwn,bring_down
brngm,bring_home
brngn,"bring_on,bring_in"
brngnslf,bring_oneself
brngp,bring_up
brngrnd,"bring_around,bring_round"
brngt,"bring_to,bring_out"
brngtbr,bring_to_bear
brnstrm,"brainstorm,barnstorm"
brnt,hibernate
brntz,baronetize
brnws,brainwash
brnz,bronze
brp,"burp,bear_up"
brs,"bruise,braise,brush"
brsk,brisk
brsn,brush_on
brst,"burst,breast"
brstfd,breastfeed
brstl,bristle
brstlt,bristle_at
brstnn,burst_in_on
brststrk,breaststroke
brstt,burst_out
brt,"breathe,abort,berth,aberrate"
brtc,brattice
brtlz,"brutalize,breathalyze"
brtr,barter
brtrw,barter_away
brv,"bravo,bereave"
brvt,"abbreviate,brevet"
brw,"brew,burrow,borrow"
brwbt,browbeat
brwl,brawl
brwn,brown
brws,browse
brz,"braze,breeze"
brzn,brazen
brztrg,breeze_through
bs,"bus,abuse,bias,bioassay,obsess,bush,busy,base"
bscnd,abscond
bscr,obscure
bscs,abscise
bsct,bisect
bsg,besiege
bsk,"bask,busk"
bsld,bobsled
bslsc,obsolesce
bslv,absolve
bsm,bosom
bsnt,absent
bspk,bespeak
bspngl,bespangle
bspt,bespot
bsrb,absorb
bsrv,observe
bst,"boost,baste,basset,boast,beset,bush_out,besot,baby-sit"
bstl,bustle
bstlz,bestialize
bstn,abstain
bstnd,bastinado
bstnt,obstinate
bstp,"bust_up,boost_up"
bstpt,obstipate
bstr,bestir
bstrct,"abstract,obstruct"
bstrdz,bastardize
bstrw,bestrew
bstw,bestow
bswck,bushwhack
bswx,beeswax
bt,"bat,bathe,habit,boot,bate,abate,habituate,buy_it,bet,beat,bait,butt,babbitt,bitt,bite,boat,abet"
btc,"batch,botch"
btcr,butcher
btdwn,beat_down
btf,beatify
btfc,about-face
btfwl,batfowl
btk,batik
btknslf,betake_oneself
btl,"battle,beetle,bottle"
btlfd,bottlefeed
btlg,bootleg
btlnck,bottleneck
btlt,butylate
btm,"buy_time,bottom"
btmnz,bituminize
btmt,bottom_out
btmtzv,bat_mitzvah
btn,"bet_on,batten,button,obtain"
btnd,obtund
btnk,bethink
btnz,botanize
btp,beat_up
btr,"better,betray,butter,bother,bitter"
btrc,boat-race
btrfl,butterfly
btrndtbs,beat_around_the_bush
btrp,butter_up
btrs,buttress
btrt,betroth
btrtrt,beat_a_retreat
btstrp,bootstrap
btt,"bite_out,beat_out"
btwld,butt-weld
bv,"behave,behoove"
bvl,bevel
bvr,beaver
bvt,obviate
bw,bow
bwdlrz,bowdlerize
bwl,"be_well,bawl,bowl"
bwldr,bewilder
bwr,beware
bws,bowse
bwskr,bewhisker
bwt,bow_out
bx,box
bxn,box_in
bz,buzz
c,"ice,coach,coo,ace,ache,cha-cha,echo"
cb,"cub,cube"
cbl,"cobble,cable"
cbltgtr,cobble_together
cbn,cabin
cbrnt,cybernate
cbt,cohabit
cd,"code,caddie,accede"
cdct,co-educate
cdf,"acidify,codify"
cdgl,cudgel
cdl,"coddle,cuddle"
cdntlz,occidentalize
cdws,acid-wash
cf,"chafe,coif,cuff"
cfn,coffin
cg,"cough,cog,chug,cage"
cgp,cough_up
cgt,cogitate
ck,"choke,hack,hock,cook,check,coke,cuckoo,cheek,yack,chock,chuck,cock"
ckf,choke_off
ckl,"cackle,chuckle,heckle,cackel"
ckmt,checkmate
ckn,check_in
cknfgt,chicken-fight
cknt,chicken_out
cknwldg,acknowledge
ckr,checker
ckrw,checkrow
ckt,check_out
ckwlk,cakewalk
cl,"call,cycle,cool,cloy,clue,coil,coal,chill,cull"
clb,club
clbck,call_back
clbr,clobber
clbrt,"calibrate,collaborate,celebrate"
clcf,calcify
clck,"clock,click,cluck"
clckf,click_off
clckn,clock_in
clckpn,click_open
clckt,clock_out
clclt,calculate
clcmn,calcimine
clcn,calcine
clct,"collocate,collect"
clctvz,collectivize
clctwt,collocate_with
cld,"cloud,collide"
cldcrm,cold-cream
cldprf,child-proof
cldvr,cloud_over
cldwrk,coldwork
clf,cool_off
clg,"clog,collogue"
clgrp,calligraph
clk,"calk,cloak,caulk,chalk"
clkp,chalk_up
clm,"claim,acclaim,clam,calm"
clmb,climb
clmbr,clamber
clmnt,culminate
clmp,"clamp,clump"
clmpdwn,clamp_down
clmr,clamor
clmt,collimate
clmtz,acclimatize
cln,"clean,call_in,call_on,clue_in,clone,cycle_on"
clnc,"clinch,clench"
clndr,"calendar,calender"
clng,"challenge,cling,clang"
clngr,clangor
clngt,cling_to
clnk,"clank,clink"
clnkr,clinker
clnp,clean_up
clns,cleanse
clnsblf,call_one's_bluff
clnt,clean_out
clntcrpt,call_on_the_carpet
clnz,colonize
clp,"clap,clip,call_up,clop"
clpbrd,clapboard
clpn,cell_phone
clpp,clap_up
clpr,caliper
clprclw,clapperclaw
clps,"collapse,eclipse"
clr,"clear,color,collar"
clrcst,colorcast
clrct,clear-cut
clrf,"clear_off,clarify"
clrfrm,chloroform
clrk,clerk
clrn,clarion
clrnt,chlorinate
clrp,clear_up
clrt,"accelerate,claret,clear_out"
clrtr,clear_the_air
clrttrt,clear_the_throat
cls,"callus,callous,close,clash"
clsc,coalesce
clscz,classicize
clsf,classify
clsn,close_in
clsp,"close_up,clasp"
clsr,closure
clst,"close_out,closet"
clstl,cyclostyle
clstr,"cloister,cluster"
clt,"clot,collate,cull_out,call_out,cleat,clout,clothe,call_at,occult,chelate"
cltqts,call_it_quits
cltr,"clutter,culture,clatter"
cltrdr,call_to_order
cltrlz,collateralize
cltrt,acculturate
cltsts,call_the_shots
cltvt,cultivate
clv,"calve,cleave"
clw,claw
clwn,clown
cm,"come,chime"
cmb,"comb,come_by"
cmbck,come_back
cmbn,combine
cmbr,"camber,chamber"
cmbst,combust
cmcls,come_close
cmcrs,come_across
cmdt,accommodate
cmdwn,come_down
cmfg,come_of_age
cmflg,camouflage
cmfrt,"comfort,come_forth"
cmlt,accumulate
cmn,"come_on,commune,chime_in,come_in"
cmnct,communicate
cmnd,"command,commend"
cmndr,commandeer
cmnfr,come_in_for
cmngl,commingle
cmnlz,communalize
cmnnd,come_in_handy
cmnr,come_near
cmnt,"acuminate,commentate,comment,cement"
cmnz,communize
cmp,"camp,chomp,champ,come_up"
cmpct,compact
cmpgn,campaign
cmpl,"compile,compel,comply"
cmplct,"complicate,complect"
cmplmnt,"complement,compliment"
cmpln,complain
cmplt,complete
cmplxf,complexify
cmplxn,complexion
cmpn,"champion,accompany,company"
cmpnd,compound
cmpnst,compensate
cmpr,compare
cmprms,compromise
cmprs,compress
cmprsnsp,comparison-shop
cmprt,"camphorate,compart"
cmprtmntlz,compartmentalize
cmps,"compose,compass"
cmpst,compost
cmpt,compete
cmptrz,computerize
cmrclz,commercialize
cmrnd,"come_around,come_round"
cmrt,commemorate
cmsn,commission
cmsrb,chemisorb
cmsrt,commiserate
cmt,"come_to,commutate,commute,come_out,commit"
cmtftclst,come_out_of_the_closet
cmtgrps,come_to_grips
cmtlf,come_to_life
cmtlgt,come_to_light
cmtmnd,come_to_mind
cmtscd,commit_suicide
cmttfr,come_to_the_fore
cmw,come_away
cn,"can,cannon,chain,chine,cane,cocoon,cone,coin,conn,canoe,chin"
cnblz,cannibalize
cnc,"cinch,chance"
cncd,"concede,coincide"
cncl,"cancel,conceal"
cncld,conclude
cnclt,cancel_out
cncntr,concenter
cncntrt,concentrate
cncr,concur
cncrd,concord
cncrn,concern
cncrt,"concrete,concert"
cncrtn,concertina
cncrtz,"concretize,concertize"
cncs,concuss
cnct,"connect,concoct"
cnctnt,concatenate
cncv,conceive
cnd,cannonade
cndct,conduct
cndl,"canoodle,condole,chandelle,candle"
cndmn,condemn
cndns,condense
cndrf,chondrify
cndscnd,condescend
cndtn,condition
cnfblt,confabulate
cnfct,confect
cnfd,confide
cnfdrt,confederate
cnfgr,configure
cnflct,conflict
cnfn,confine
cnfr,confer
cnfrm,"confirm,conform"
cnfrmt,conform_to
cnfrnt,confront
cnfs,"confuse,confess"
cng,"change,congee,conga"
cngbrvrsl,change_by_reversal
cnglbt,conglobate
cngltnt,conglutinate
cngmgntd,change_magnitude
cngnds,change_hands
cngntgrt,change_integrity
cngntnst,change_intensity
cngpstr,change_posture
cngrgt,congregate
cngrtlt,congratulate
cngsp,change_shape
cngsrfc,change_surface
cngst,change_state
cngtst,change_taste
cnjgt,conjugate
cnk,"conk,chink"
cnkr,canker
cnl,"channel,canal"
cnlt,cannulate
cnlz,channelize
cnmtz,cinematize
cnp,"chain_up,canopy"
cnqr,conquer
cns,"census,cense"
cnsbstnt,consubstantiate
cnscrpt,conscript
cnscrt,consecrate
cnsct,consociate
cnsdr,consider
cnsgn,consign
cnsldt,consolidate
cnslt,consult
cnsm,consume
cnsmk,chain-smoke
cnsmt,consummate
cnsnt,consonate
cnspr,"conspire,coconspire"
cnsr,"censor,coinsure"
cnsrt,consort
cnsrv,conserve
cnst,"constitute,consist"
cnstlt,constellate
cnstnlz,constitutionalize
cnstpt,constipate
cnstrct,"constrict,construct"
cnstrnt,consternate
cnt,"cachinnate,count,account,connote,chant,cant"
cntdwn,count_down
cntf,count_off
cntfr,account_for
cntlvr,cantilever
cntmn,contemn
cntmnt,contaminate
cntmplt,contemplate
cntn,"continue,canton,contain"
cntnd,contend
cntnrz,containerize
cntnt,content
cntr,"counter,contour,center,canter"
cntrbt,contribute
cntrck,countercheck
cntrclm,counterclaim
cntrclng,counterchallenge
cntrcng,counterchange
cntrct,"contract,counteract"
cntrctn,contract_in
cntrctt,contract_out
cntrdct,contradict
cntrdnc,contradance
cntrdrl,counter-drill
cntrdstngs,contradistinguish
cntrfg,centrifuge
cntrl,control
cntrlz,centralize
cntrmn,countermine
cntrmrc,countermarch
cntrn,center_on
cntrndct,contraindicate
cntrplt,counterplot
cntrpnc,center_punch
cntrpnt,counterpoint
cntrsgn,countersign
cntrst,contrast
cntrt,contort
cntrtck,counterattack
cntrwgt,counterweight
cntst,contest
cntt,count_out
cnv,"convey,convoy,connive"
cnvct,"convict,convect"
cnvk,convoke
cnvls,convulse
cnvlv,convolve
cnvn,convene
cnvntnlz,conventionalize
cnvrg,converge
cnvrs,converse
cnvrt,convert
cnvs,"canvas,canvass"
cnvt,connive_at
cnz,"cocainize,canonize"
cp,"hiccup,cup,cap,chap,chop,chip,copy,cope,occupy,ice_up"
cpct,capacitate
cpdwn,chop_down
cpf,cap_off
cpl,couple
cplmrz,copolymerize
cplt,copulate
cpnz,caponize
cpp,coop_up
cpr,"copper,cooper,caper"
cprbtm,copper-bottom
cprd,copyread
cprgt,copyright
cprl,capriole
cprn,chaperone
cprsn,caparison
cpsl,capsule
cpsz,capsize
cpt,"accept,coapt,copy_out,co-opt"
cptlt,capitulate
cptlz,capitalize
cptn,"caption,captain"
cptr,capture
cpw,chip_away
cq,cheque
cqnt,acquaint
cqr,acquire
cqt,acquit
cr,"cry,accrue,carry,char,curry,cure,occur,cheer,churr,chirr,cere,core,choir,care,career,chair,cohere"
crb,"crab,crib,curb"
crbck,carry_back
crbl,corbel
crbnt,carbonate
crbnz,carbonize
crbrt,"carburet,corroborate"
crbt,acerbate
crbxlt,carboxylate
crc,"crouch,church,coerce"
crcf,crucify
crck,"crick,crack,crock"
crckl,crackle
crckp,crack_up
crckt,cricket
crcl,"charcoal,caracole,circle"
crclrz,circularize
crclt,circulate
crcmb,currycomb
crcmblt,circumambulate
crcmcs,circumcise
crcmfs,circumfuse
crcmnvgt,circumnavigate
crcmscrb,circumscribe
crcmstnt,circumstantiate
crcmvlt,"circumvallate,circumvolute"
crct,"correct,crochet,circuit"
crctr,"caricature,character"
crctrz,characterize
crd,"corrode,card,cord,chord,accord"
crdl,"curdle,cradle"
crdnt,coordinate
crdr,corduroy
crdt,"credit,accredit"
crfr,care_for
crft,craft
crfvr,curry_favor
crg,charge
crgrp,choreograph
crgt,corrugate
crjck,carjack
crk,"cork,chirk,croak,crook"
crkscrw,corkscrew
crl,"curl,corral,carol"
crld,cheerlead
crlp,curl_up
crlstn,charleston
crlt,correlate
crlz,creolize
crm,"cream,cram,chrome,charm,carom"
crmb,crumb
crmbl,crumble
crmf,cream_off
crmlz,caramelize
crmn,carmine
crmnc,chiromance
crmnlz,criminalize
crmp,"cramp,crump,crimp"
crmt,cremate
crmtz,achromatize
crn,"crane,corn,croon,churn,crayon,careen"
crnc,"crunch,cornice"
crncl,chronicle
crnf,carnify
crng,care_a_hang
crnk,crank
crnl,crenel
crnlgz,chronologize
crnr,corner
crnt,churn_out
crp,"crop,crape,creep"
crpl,cripple
crpntr,carpenter
crpp,"crap_up,creep_up,crop_up"
crpt,"corrupt,carpet,crepitate"
crptbmb,carpet_bomb
crqt,croquet
crs,"crush,crash,accurse,curse,chorus,course,caress,cross,cruise,carouse"
crsbrd,crossbreed
crsck,cross-check
crscnd,crescendo
crscrs,crisscross
crsct,crosscut
crsd,crusade
crsdrs,cross-dress
crsdv,crash-dive
crsf,cross_off
crsfl,cross-file
crsfrtlz,cross-fertilize
crslnd,crash_land
crslnk,cross-link
crsn,coarsen
crsndx,cross-index
crsnslf,cross_oneself
crspn,crispen
crspnd,correspond
crsrf,crossruff
crsrfr,cross-refer
crst,"corset,creosote,crust,crest"
crstc,crosshatch
crstlz,crystallize
crstnz,christianize
crsxmn,cross_examine
crt,"accrete,chart,cart,crate,create,chariot,court"
crtbmntlct,create_by_mental_act
crtcz,criticize
crtf,"certify,cart_off"
crtfct,certificate
crtfr,cry_out_for
crtfrmrwmtrl,create_from_raw_material
crtmrtl,court-martial
crtn,"cartoon,curtain"
crtnf,curtain_off
crtr,charter
crtrg,carry_through
crts,curtsy
crttrm,carry_to_term
crtvrbl,create_verbally
crtwl,cartwheel
crv,"crave,carve"
crvn,caravan
crvr,carry_over
crvt,"carve_out,curvet"
crw,"crow,crew"
crwd,crowd
crwgt,carry_weight
crwl,crawl
crwn,crown
crz,craze
cs,"choose,accuse,cosh,cheese,chase,cause,chasse,access,case,cash,caucus"
cscd,cascade
csgn,"cosign,co-sign"
cskt,"casket,ice_skate"
csl,chisel
csn,"accession,cushion,occasion"
csnn,cash_in_on
csp,choose_up
cspnsr,cosponsor
csr,cashier
cst,"caseate,cast,coast,cost,cash_out"
cstbprcvd,cause_to_be_perceived
cstbt,cast_about
cstf,cast_off
cstgt,castigate
cstl,castle
cstm,costume
cstmk,custom-make
cstmz,customize
cstn,"chasten,cast_on"
cstr,co-star
csts,chastise
cstslp,cause_to_sleep
csw,"causeway,chase_away"
ct,"act,coat,cut,cheat,cat,yacht,chute,coact"
ctbck,cut_back
ctblz,catabolize
ctc,catch
ctccld,catch_cold
ctcl,catcall
ctcn,catch_on
ctcp,catch_up
ctcrnrs,cut_corners
ctcrs,cut_across
ctcsgt,catch_sight
ctct,"cathect,catch_it"
ctcz,catechize
ctdwn,cut_down
ctf,"citify,cut_off"
ctgrp,hectograph
ctgrz,categorize
ctlcz,catholicize
ctlg,catalogue
ctlt,acetylate
ctlz,"catalyze,actualize"
ctn,"cut_in,caution,cotton,auction,act_on,cheat_on,action"
ctnt,catenate
ctnvlntrl,act_involuntarily
ctnz,cutinize
ctp,"chat_up,act_up"
ctplt,catapult
ctr,"chatter,chitter,cater,co-author,accouter"
ctrt,citrate
ctrz,"catheterize,cauterize,cicatrize"
cts,act_as
ctsrt,cut_short
ctt,"cut_out,act_out,cut_to"
cttrbns,cut_to_ribbons
ctvt,activate
ctw,cut_away
cv,"cave,achieve"
cvl,cavil
cvlz,civilize
cvnt,covenant
cvr,"cover,co-vary"
cvrfr,cover_for
cvrn,cavern
cvt,covet
cw,"caw,chew,chaw"
cwd,cowhide
cwl,cowl
cwtft,chew_the_fat
cwvr,chew_over
cx,cox
cxst,coexist
czn,cozen
czp,cozy_up
d,"add,die,dye,hood,dado,head,do,eddy,hide,heed,hoodoo"
db,"dub,dab,daub"
dbc,debouch
dbck,die_back
dbg,debug
dbl,"double,dibble,dabble"
dblbg,double_bogey
dblck,double-check
dblcrct,double_crochet
dblcrs,double_cross
dbld,double_dye
dbldt,double-date
dblglz,double-glaze
dblp,double_up
dblprk,double-park
dblspc,double-space
dbltm,double-team
dbltng,double_tongue
dblvr,double_over
dbnk,debunk
dbr,debar
dbrf,debrief
dbs,debase
dbt,"doubt,debate,headbutt,debut,debit"
dc,"douche,decay,deduce,adduce,dice,educe,decoy"
dcd,"decide,decode"
dcfnt,decaffeinate
dck,"dock,deck,duck"
dckr,dicker
dckt,docket
dclcf,decalcify
dclm,declaim
dcln,decline
dclnz,decolonize
dclr,declare
dclrnt,dechlorinate
dclrt,decelerate
dclsf,declassify
dcltc,declutch
dclw,declaw
dcmlz,decimalize
dcmnt,document
dcmp,decamp
dcmprs,decompress
dcmps,decompose
dcmsn,decommission
dcmt,decimate
dcnstrct,deconstruct
dcnt,decant
dcntmnt,decontaminate
dcntrl,decontrol
dcntrlz,decentralize
dcpl,decouple
dcpr,decipher
dcpt,decapitate
dcr,decree
dcrbnt,decarbonate
dcrbnz,decarbonize
dcrbrt,decerebrate
dcrbxlt,decarboxylate
dcrpt,decrepitate
dcrs,decrease
dcrscnd,decrescendo
dcrt,decorate
dcrtct,decorticate
dcrtf,decertify
dcs,de-access
dcsn,deaccession
dcst,decussate
dct,"decoct,dictate,dedicate,addict,adduct,educate"
dctmz,dichotomize
dctr,doctor
dctvt,deactivate
dcv,deceive
ddwn,die_down
df,"deify,defy,doff"
dfbrlt,defibrillate
dfbrnt,defibrinate
dfc,deface
dfct,defect
dfl,defile
dflct,deflect
dflgrt,deflagrate
dflt,"defoliate,deflate,default"
dflwr,deflower
dfm,defame
dfmnz,defeminize
dfn,"deafen,define"
dfnd,defend
dfng,defang
dfnstrt,defenestrate
dfr,"defray,differ"
dfrck,defrock
dfrct,diffract
dfrm,deform
dfrnt,"differentiate,dedifferentiate"
dfrst,"deforest,defrost"
dfrvsc,defervesce
dfs,"defuse,diffuse"
dft,defat
dg,"hedge,edge,dig,dodge"
dgfgt,dogfight
dglcrlz,deglycerolize
dglz,deglaze
dgmtz,dogmatize
dgn,edge_in
dgnf,dignify
dgnlz,diagonalize
dgns,diagnose
dgp,hedgehop
dgrd,degrade
dgrm,diagram
dgrs,"digress,degrease"
dgs,degas
dgsld,dogsled
dgst,"digest,degust"
dgt,dig_out
dgtlz,digitalize
dgtz,digitize
djbn,do_a_job_on
djn,adjoin
djr,adjure
djrn,adjourn
djst,adjust
djstc,do_justice
dk,dike
dl,"addle,dull,delay,dial,dally,yodel,duel,idle,doodle,huddle,deal"
dlclz,delocalize
dlg,deluge
dlgt,"delight,delegate"
dln,headline
dlnt,delineate
dlp,doll_up
dlpdt,dilapidate
dlqsc,deliquesce
dls,"dialyse,delouse"
dlsc,adolesce
dlst,delist
dlt,"dilute,dilate,adulate,delete"
dlvr,deliver
dlz,"idealize,idolize"
dm,"dim,deem,doom,dam,dummy"
dmblz,demobilize
dmcrtz,democratize
dmdf,dehumidify
dmdlt,demodulate
dmg,damage
dmgntz,demagnetize
dmlnt,demyelinate
dmls,demolish
dmlsf,demulsify
dmltrz,demilitarize
dmnd,demand
dmnrlz,demineralize
dmns,"diminish,admonish"
dmnsn,dimension
dmnstr,administer
dmnstrt,demonstrate
dmnt,"deaminate,dominate"
dmntz,demonetize
dmnz,"dehumanize,demonize"
dmp,"damp,dump"
dmpl,dimple
dmpn,dampen
dmpsz,de-emphasize
dmr,"demur,admire"
dmrct,demarcate
dmrlz,demoralize
dms,demise
dmscn,damascene
dmsr,admeasure
dmst,demist
dmstct,domesticate
dmstf,demystify
dmt,"admit,demote"
dmtlgz,demythologize
dmtrlz,dematerialize
dmx,admix
dn,"deaden,add_on,dun,din,deny,dine"
dnc,"denounce,dance"
dnd,denude
dndf,dandify
dndl,dandle
dng,"dung,dinge,ding"
dngl,dangle
dnk,dunk
dnmt,dynamite
dnmz,dynamize
dnrgz,de-energize
dnt,"de-ionate,iodinate,de-iodinate,denote,daunt,donate"
dntf,identify
dntnlz,denationalize
dntr,denature
dntrf,denitrify
dntrlz,denaturalize
dnz,deionize
dnzf,denazify
dp,"dope,dip,do_up"
dpd,deep-dye
dpfrz,deep_freeze
dpftfr,deep-fat-fry
dpl,deploy
dplct,duplicate
dplm,deplume
dpln,deplane
dplr,deplore
dplrz,depolarize
dplt,depopulate
dplx,duplex
dpn,deepen
dpnd,depend
dpndn,depend_on
dpnt,dip_into
dprct,"depreciate,deprecate"
dprs,depress
dprsnlz,depersonalize
dprsrz,depressurize
dprt,depart
dprv,deprive
dps,depose
dpsldr,dip_solder
dpst,deposit
dpsx,deep-six
dpt,"adapt,adopt,depute"
dptngz,diphthongize
dqrtr,headquarter
dr,"dry,adhere,adore,dare"
drbl,dribble
drcln,dry_clean
drct,direct
drd,deride
drdck,dry-dock
drdg,dredge
drft,"drift,draft"
drftprt,drift_apart
drg,"drug,drag"
drgdwn,drag_down
drglt,deregulate
drgn,"dragoon,drag_on"
drgnbmb,hydrogen-bomb
drgnt,"dehydrogenate,hydrogenate"
drgp,drag_up
drkn,darken
drl,"drill,derail"
drlvr,drool_over
drlz,"hydrolyze,hydrolize"
drm,"dream,drum,daydream"
drmtz,dramatize
drn,"dehorn,drain,drone,darn"
drnc,drench
drnk,drink
drnkn,drink_in
drnrs,dry-nurse
drntcp,drain_the_cup
drp,"drop,drape,drip,droop"
drpb,drop_by
drpbck,drop_back
drpdr,drip-dry
drpf,drop_off
drpfrg,dropforge
drpkck,"drop-kick,dropkick"
drplkfls,drop_like_flies
drpln,hydroplane
drpnssrv,drop_one's_serve
drppn,drop_open
drpt,drop_out
drptbl,drop_the_ball
drqstn,derequisition
drs,"dress,address"
drsdwn,dress_down
drsp,dress_up
drssp,dress_ship
drstrct,derestrict
drt,"dry-rot,dehydrate,hydrate,derate,dirty,dart,deaerate"
drv,"derive,drive"
drvl,drivel
drvm,drive_home
drvn,drive_in
drvp,drive_up
drvrnd,drive_around
drw,draw
drwbdn,draw_a_bead_on
drwcls,draw_close
drwf,draw_off
drwl,"drawl,dry-wall"
drwn,"drown,draw_in"
drwnt,drown_out
drwp,draw_up
drws,drowse
drwt,draw_out
drwtln,draw_the_line
drww,draw_away
drz,"odorize,deodorize"
drzl,drizzle
ds,"doss,dash,dish,douse,dose,diss"
dsb,disobey
dsbd,disbud
dsbl,disable
dsblg,disoblige
dsblv,disbelieve
dsbnd,disband
dsbr,disbar
dsbrs,disburse
dsbs,disabuse
dsc,"dehisce,disco"
dsclm,disclaim
dsclr,discolor
dscls,disclose
dsclt,de-escalate
dscn,daisy-chain
dscnct,disconnect
dscnd,descend
dscnt,"descant,discount"
dscntn,"descant_on,discontinue"
dscntnc,discountenance
dscntnt,discontent
dscpln,discipline
dscr,descry
dscrb,describe
dscrd,discard
dscrdt,discredit
dscrg,"discharge,discourage"
dscrlz,desacralize
dscrmnt,discriminate
dscrp,discerp
dscrs,discourse
dscrt,desecrate
dsct,"dissociate,dissect,disassociate"
dscvr,discover
dsd,dissuade
dsdvntg,disadvantage
dsdwn,dash_down
dsf,dash_off
dsgn,design
dsgnt,designate
dsgr,disagree
dsgrgt,desegregate
dsgrntl,disgruntle
dsgrwt,disagree_with
dsgs,disguise
dsgst,disgust
dsjn,disjoin
dsjnt,disjoint
dsk,dusk
dskjck,disk-jockey
dslct,dislocate
dsldg,dislodge
dslfrz,desulfurize
dslk,dislike
dslnt,desalinate
dslv,dissolve
dsm,dismay
dsmbd,disembody
dsmbgt,disambiguate
dsmbl,"disassemble,dissemble"
dsmbr,dismember
dsmbrk,disembark
dsmbwl,disembowel
dsmlt,"dissimilate,dissimulate"
dsms,dismiss
dsncnt,disenchant
dsncrnt,disincarnate
dsncrnz,desynchronize
dsnf,disunify
dsnfct,disinfect
dsnfrncs,disenfranchise
dsnfst,disinfest
dsng,disengage
dsnr,dishonor
dsnrt,disinherit
dsnstz,desensitize
dsnt,"dissent,dissonate"
dsntgrt,disintegrate
dsntngl,disentangle
dsntr,disinter
dsnvlv,disinvolve
dspl,display
dsplc,displace
dspls,displease
dspnd,despond
dspns,dispense
dspnswt,dispense_with
dspnt,disappoint
dspr,"disappear,despair"
dsprd,dispread
dsprg,disparage
dsprs,disperse
dsprv,"disprove,disapprove"
dsps,"dispose,dispossess"
dspsf,dispose_of
dspt,dissipate
dsptc,dispatch
dsqlf,disqualify
dsqmt,desquamate
dsr,desire
dsrb,"desorb,adsorb"
dsrdr,disorder
dsrgnz,disorganize
dsrm,disarm
dsrmnz,disharmonize
dsrng,disarrange
dsrnt,disorient
dsrpt,disrupt
dsrspct,disrespect
dsrt,desert
dsrtn,dishearten
dsrv,deserve
dst,dust
dstbls,disestablish
dstblz,destabilize
dstdrt,dish_the_dirt
dstl,distill
dstlnz,destalinize
dstmpr,distemper
dstn,"destine,destain"
dstnc,distance
dstnd,distend
dstngs,distinguish
dstr,destroy
dstrb,disturb
dstrbt,distribute
dstrct,"destruct,distract"
dstrn,distrain
dstrs,distress
dstrst,distrust
dstsf,dissatisfy
dsvw,disavow
dswn,disown
dsxlz,desexualize
dt,"add_to,edit,die_out,dot,audit,date,ditto,diet,dote"
dtc,"detach,ditch"
dtck,detick
dtct,detect
dtl,detail
dtln,dateline
dtn,audition
dtnrs,do_the_honors
dtnt,detonate
dtr,"deter,dither,detour"
dtrblz,detribalize
dtrg,deterge
dtrlz,editorialize
dtrmn,determine
dtrn,"detrain,dethrone"
dtrnstvz,detransitivize
dtrt,deteriorate
dtx,detox
dtxf,detoxify
dv,dive
dvbmb,dive-bomb
dvc,devoice
dvct,advect
dvd,divide
dvl,"devalue,devil"
dvlp,develop
dvlv,devolve
dvlz,devilize
dvn,"divine,devein"
dvnc,advance
dvntg,advantage
dvr,devour
dvrc,divorce
dvrct,divaricate
dvrg,diverge
dvrsf,diversify
dvrt,divert
dvrts,advertise
dvs,"advise,devise"
dvst,"devastate,divest"
dvt,"deviate,devote"
dvtl,dovetail
dvtlz,devitalize
dvtrf,devitrify
dwl,"dwell,do_well"
dwlb,do_well_by
dwln,dwell_on
dwn,"dawn,down"
dwndl,dwindle
dwngrd,downgrade
dwnld,download
dwnsz,downsize
dwrf,dwarf
dws,dowse
dxdz,deoxidize
dxgnt,deoxygenate
dz,"iodize,dizzy"
dzl,dazzle
dztz,diazotize
f,"huff,hoof"
fb,fib
fbrct,fabricate
fbrlt,fibrillate
fc,"face,efface"
fcf,face_off
fclft,face-lift
fclt,facilitate
fclz,officialize
fcr,officer
fcrdn,face-harden
fcs,focus
fcsn,focus_on
fct,"affect,officiate,effect"
fctmsc,face_the_music
fctnlz,fictionalize
fctr,factor
fctrnls,factor_analyse
fctrz,factorize
fd,"feed,fade,feud"
fdbck,feed_back
fdg,fudge
fdgt,fidget
fdgtgtr,fudge_together
fdl,fiddle
fdlz,feudalize
fdn,feed_on
fdr,fodder
fdrlz,federalize
fdrt,federate
fg,fag
fgn,feign
fgp,fog_up
fgr,figure
fgrskt,figure_skate
fgt,"fight,faggot"
fgtbck,fight_back
fl,"foal,feel,fall,fail,fill,full,foul,fly,file,fell,flay,foil,fuel,flee,flail,fool"
flb,fly_by
flbck,"fullback,fall_back"
flblnd,fly_blind
flbrgst,flabbergast
flbstr,filibuster
flc,fleece
flck,"flick,flock"
flckr,flicker
flclt,flocculate
flcn,falcon
flcntct,fly_contact
flct,"afflict,fluctuate"
fld,"flood,fold,field,offload"
fldg,fledge
fldlgt,floodlight
fldn,flood_in
fldtst,field-test
flf,fall_off
flfp,fluff_up
flfr,"fall_for,feel_for"
flfrmgrc,fall_from_grace
flfs,fly-fish
flg,"flag,flog,fly_high"
flgdwn,flag_down
flglt,flagellate
flgr,filigree
flgt,flight
flk,flake
flkdnc,folk_dance
fllk,feel_like
fllkmln,feel_like_a_million
fllvr,fall_all_over
flm,"flame,film"
flmb,flambe
flmflm,flim-flam
flmk,film-make
flmnt,fulminate
flmp,flump
flmvr,film_over
fln,"fill_in,file_in,fly_on,fall_in"
flnc,"flounce,flinch"
flndr,flounder
flng,fling
flnk,flank
flnln,fall_in_line
flnlv,fall_in_love
flns,flense
flnt,"flaunt,fall_into"
flntfcf,fly_in_the_face_of
flp,"flip,flap,fill_up,flop"
flpn,"fly_open,fall_upon"
flpnsld,flip_one's_lid
flprt,fall_apart
flr,"fleer,flour,flurry,flare"
flrdt,fluoridate
flrp,flare_up
flrsc,"effloresce,fluoresce"
flrt,flare_out
fls,"floss,flash,flush,flesh"
flsf,falsify
flslp,fall_asleep
flsrt,fall_short
flsrtf,fall_short_of
flstr,fluster
flt,"foliate,felt,float,filiate,fall_out,fillet,foul_out,flute,flit,file_out,fellate,affiliate"
fltn,flatten
fltr,"flatter,filter,flutter,falter"
fltrg,fall_through
flvr,fall_over
flvrbckwrds,fall_over_backwards
flw,"follow,flow,flaw"
flwp,follow_up
flwst,follow_suit
flwt,flow_out
flwtrg,follow_through
flww,flow_away
flx,flex
fm,"foam,fume"
fmbl,fumble
fmgt,fumigate
fmlrz,familiarize
fmnt,foment
fmnz,feminize
fmttmt,foam_at_the_mouth
fn,"fan,fin"
fnc,"fence,fancy,finance"
fncf,fancify
fncr,financier
fnctn,function
fnd,"find,fund,fend"
fndnslf,find_oneself
fndr,founder
fndrs,fund-raise
fndrw,finedraw
fndt,find_out
fngr,finger
fngrpnt,finger-paint
fngrprnt,fingerprint
fngrspl,fingerspell
fnk,fink
fnl,funnel
fnlz,finalize
fns,finish
fnsp,finish_up
fnt,"faint,feint"
fntn,fine-tune
fnts,fantasy
fntsz,fantasize
fr,"fire,fry,offer,fare,foray,fair,fray,free,fear,ferry"
frbd,forbid
frbmb,firebomb
frbr,forbear
frbs,free-base
frc,"farce,force"
frcfd,force-feed
frck,frock
frckl,freckle
frclnd,force-land
frcls,foreclose
frcs,fricassee
frcst,forecast
frct,force_out
frctf,fructify
frctnt,fractionate
frctr,fracture
frd,"afford,ford"
frdm,foredoom
frft,forfeit
frg,"forage,frog,forge"
frgmrc,frogmarch
frgrnd,foreground
frgt,"forget,freight"
frgtn,frighten
frgv,forgive
frk,fork
frkt,freak_out
frlc,frolic
frld,freeload
frlg,furlough
frlnc,freelance
frm,"form,frame,affirm,forearm,farm"
frmct,formicate
frmlrz,formularize
frmlt,formulate
frmlz,formalize
frmnt,ferment
frmp,firm_up
frmt,format
frnc,french
frncf,frenchify
frncfr,french-fry
frncs,"franchise,affranchise"
frnct,fornicate
frng,fringe
frnk,frank
frns,furnish
frnt,"front,foray_into"
frp,frap
frprf,fireproof
frqnt,frequent
frsc,fresco
frsct,free-associate
frsk,frisk
frsn,freshen
frsrtn,foreshorten
frst,"frost,afforest"
frsw,foreshow
frswr,foreswear
frt,"fart,froth,fret,ferret,fort,fruit"
frtf,fortify
frtlz,fertilize
frtr,fritter
frtrnz,fraternize
frtt,ferret_out
frvl,frivol
frw,"farrow,furrow"
frwl,freewheel
frwn,frown
frwnn,frown_on
frwrd,forward
frwrn,forewarn
frz,freeze
frzdr,freeze-dry
frzl,"frazzle,frizzle"
fs,"effuse,fuse,fish,fuss"
fscnt,fascinate
fsld,fusillade
fslz,fossilize
fsn,fashion
fsr,fissure
fst,"foist,feast,fast,offset"
fstd,fast_dye
fstf,foist_off
fstfgt,fistfight
fstl,fishtail
fstn,"fasten,festoon"
fstnss,feast_one's_eyes
fstr,"fester,foster"
ft,"fit,foot,heft"
ftc,fetch
ftl,"fee-tail,fettle,footle"
ftm,fathom
ftn,fatten
ftp,ftp
ftr,"feather,fetter"
ftrbd,featherbed
ftrnsnst,feather_one's_nest
ftsz,fetishize
fttbl,fit_the_bill
fvr,favor
fwl,fowl
fwn,fawn
fx,"fix,fox,fax,affix"
fxnt,foxhunt
fxp,fix_up
fxt,fixate
fxtrt,foxtrot
fz,faze
g,"gag,age,guy,go,gauge,gee,egg,gouge,hug,g,hog"
gb,go_by
gbck,go_back
gbl,gobble
gbr,gibber
gbt,gibbet
gd,"go_ahead,guide,goad"
gdtc,go_dutch
gdwn,go_down
gf,go_off
gflfckd,go_off_half-cocked
gfprf,goofproof
gfr,"gauffer,go_far"
gfrbrk,go_for_broke
gftwrp,gift-wrap
gfw,guffaw
gl,"giggle,gel,glue,google,gull,gaggle,eagle,guggle,gall,ogle,goggle,haggle"
glblz,globalize
glbtrt,globe-trot
glcrlz,glycerolize
glct,glaciate
gld,"geld,gild,glide"
gldbmb,glide-bomb
gldn,gladden
gldplt,goldplate
gldtl,gild_the_lily
glf,"uglify,golf"
glg,glug
glgt,highlight
glm,"gleam,glom"
glmp,galumph
glmps,glimpse
glmrt,agglomerate
glmrz,glamorize
glnc,glance
glngw,go_a_long_way
glp,"gulp,gallop"
glr,"glory,glare"
glrf,glorify
gls,"glass,gloss"
glsd,glissade
glsvr,gloss_over
glt,"gloat,go_all_out"
gltn,guillotine
gltnt,agglutinate
gltnz,"gelatinize,gluttonize"
gltr,glitter
glvnt,gallivant
glvnz,galvanize
glw,glow
glwr,glower
glz,glaze
gm,"gum,go_home"
gmbl,gamble
gmnt,"augment,geminate"
gmp,gum_up
gn,"gain,gun,gin,go_on"
gndwn,gun_down
gnflct,genuflect
gng,"gang,gong"
gngr,ginger
gngrp,gang-rape
gnr,ignore
gnrl,"general,gnarl"
gnrlz,generalize
gnrt,generate
gns,gnash
gnt,"go_into,ignite"
gntl,gentle
gntrf,gentrify
gnw,gnaw
gnz,"agenize,agonize"
gp,"gap,go_up,gape"
gr,"grey,gear,agree,augur,gore"
grb,"grab,grub"
grbgdwn,garbage_down
grbp,grub_up
grbstk,grubstake
grc,grouch
grd,"grade,guard,gird,aggrade"
grdg,grudge
grdl,"griddle,girdle"
grdn,garden
grdt,"gradate,graduate"
grft,graft
grg,"gorge,garage"
grgl,"gargle,gurgle"
grgt,aggregate
grk,"grok,groak"
grl,grill
grlnd,garland
grm,groom
grmbl,grumble
grmc,grimace
grmgr,hugger_mugger
grmndr,gerrymander
grmnt,germinate
grn,"grin,green,groan,grain,groin"
grnd,"grind,ground,go_around"
grndstnd,grandstand
grndt,"ground_out,grind_out"
grndtlt,grind_to_a_halt
grnlt,granulate
grnr,garner
grns,garnishee
grnt,"guarantee,grunt-hoot,grunt,grant"
grp,"group,gripe,grope,grip,graph"
grpfr,grope_for
grpl,grapple
grs,"grass,grouse,grease,gross"
grsn,garrison
grsp,grasp
grt,"greet,grout,grate,grit,garrote,gyrate"
grtf,gratify
grtr,garter
grv,"groove,grieve,aggrieve"
grvl,gravel
grvt,gravitate
grw,grow
grwp,grow_up
grz,graze
grzl,grizzle
gs,"guess,gas,goose"
gsf,gasify
gsp,gas_up
gsr,geyser
gsstp,goose_step
gst,"gestate,ghost"
gstclt,gesticulate
gstd,go_steady
gstmt,guesstimate
gt,"get,gate,go_out,gouge_out,hog-tie,agitate,gut"
gtb,get_by
gtbd,go_to_bed
gtcrckng,get_cracking
gtcrs,get_across
gtdwn,get_down
gtf,get_off
gtftgrnd,get_off_the_ground
gtl,"hightail,high-tail"
gtlngwt,get_along_with
gtn,"get_on,heighten,get_in"
gtnsfl,get_a_noseful
gtnt,get_into
gtntc,get_in_touch
gtp,get_up
gtpt,go_to_pot
gtr,"gather,gutter"
gtrdf,get_rid_of
gtrgtmtns,go_through_the_motions
gtrnd,get_around
gtrndt,get_around_to
gtrp,egotrip
gtt,"get_to,get_out,get_it,get_at"
gttbst,get_the_best
gttbtrf,get_the_better_of
gttgds,get_the_goods
gttjmp,get_the_jump
gttrg,get_through
gtvn,get_even
gtvr,get_over
gtwl,get_well
gtwr,go_to_war
gtwrs,get_worse
gtz,ghettoize
gv,give
gvbrt,give_birth
gvf,give_off
gvndtk,give_and_take
gvp,give_up
gvrn,govern
gvt,give_the_eye
gvtgld,give_the_glad_eye
gvtwrl,give_it_a_whirl
gvtx,give_the_axe
gvvc,give_voice
gvw,"give_way,give_away"
gwn,gown
gz,gaze
gzl,guzzle
gzmp,gazump
gzt,gazette
jb,"jab,jibe,job"
jblt,jubilate
jck,"jockey,jack,hijack"
jcklgt,jacklight
jcknf,jackknife
jckrbt,jackrabbit
jckt,jacket
jclt,ejaculate
jct,eject
jdg,judge
jdr,judder
jg,"jug,jog,jag,jig"
jgl,"juggle,joggle,jiggle"
jk,joke
jl,jell
jlf,jellify
jln,julienne
jlt,"jilt,jolt"
jm,jam
jmbl,jumble
jmp,jump
jmpf,jump_off
jmpstrt,jumpstart
jn,join
jnbtl,join_battle
jndc,jaundice
jngl,jingle
jnktr,junketeer
jnt,joint
jnx,jinx
jpn,japan
jr,"jeer,jar"
jrd,joyride
jrk,jerk
jst,joust
jstf,justify
jstl,jostle
jt,jet
jtdwn,jot_down
jtrbg,jitterbug
jtsn,jettison
jv,jive
jwlk,jaywalk
jxtps,juxtapose
jz,jazz
jzp,jazz_up
k,"key,yak,hook,yoke,hike,kayak"
kbtz,kibitz
kck,kick
kckbck,kick_back
kckn,kick_in
kcknsls,kick_one's_heels
kckp,kick_up
kckrnd,kick_around
kckstrt,kick-start
kd,kid
kdnp,kidnap
kl,kill
klnslf,kill_oneself
klvr,keel_over
knck,knock
knckcld,knock_cold
knckl,knuckle
knckt,knock_out
kncp,kneecap
knd,knead
kndl,kindle
knf,knife
kngt,knight
knl,"kneel,knell,kennel"
knt,"keynote,knot,knit"
knw,know
knwtscr,know_the_score
kp,"keep,hook_up,hike_up"
kpdwn,keep_down
kpf,keep_off
kpn,keep_in
kpnsspld,keep_one's_eyes_peeled
kpnt,keep_note
kpp,keep_up
kppn,keep_open
kpqt,keep_quiet
kpstp,keep_step
kpt,keep_out
kptbsn,keep_tabs_on
kptnslf,keep_to_oneself
kptrck,keep_track
kpw,keep_away
krn,kern
krtnz,keratinize
ks,kiss
kt,"kite,eke_out"
ktn,kitten
ktt,kit_out
l,"ail,heal,hull,alloy,heel,lull,lie,hail,yell,hollo,halloo,oil,hole,haul,lay,hill,ally"
lb,"alibi,lob,lobby"
lbl,"label,libel"
lbr,labor
lbrct,lubricate
lbrlz,liberalize
lbrt,"elaborate,librate,liberate"
lbt,lie_about
lbw,elbow
lc,"leach,lace"
lck,"lock,lick"
lckn,lock_in
lckp,lock_up
lckt,"lock_out,luck_out,luck_it"
lclz,"alcoholize,localize"
lcmz,alchemize
lcns,license
lcnt,"leech_onto,hallucinate"
lcqr,lacquer
lcrt,"ulcerate,lacerate"
lct,"elect,elicit,elocute,allocate,locate"
lctnr,electioneer
lctr,lecture
lctrct,electrocute
lctrf,electrify
lctrplt,electroplate
lcz,laicize
ld,"hold,load,elide,lead,yield,laud,allude,elude"
lddwn,hold_down
ldf,"hold_off,lead_off"
ldfrt,hold_forth
ldg,lodge
ldl,ladle
ldn,"hold_on,louden,lead_on"
ldnswn,hold_one's_own
ldp,"lead_up,hold_up,yield_up"
ldr,ladder
ldrmnt,lie_dormant
ldsw,hold_sway
ldt,hold_out
ldtln,hold_the_line
ldvr,hold_over
ldwn,"lay_down,lie_down"
lf,"leaf,luff"
lfck,lifehack
lft,"lift,loft"
lg,"laugh,league,log,allege,lag,lug"
lgf,laugh_off
lglz,legalize
lgn,"align,log_in"
lgnf,lignify
lgp,log_up
lgrl,logroll
lgrp,heliograph
lgrz,allegorize
lgslt,legislate
lgt,"ligate,light,alight,log_out"
lgtmt,legitimate
lgtn,lighten
lgtp,light_up
lgtr,"alligator,lighter"
lgz,"eulogize,elegize"
lk,"look,leak,like"
lkbck,look_back
lkdwnn,look_down_on
lkfrwrd,look_forward
lkftr,look_after
lklk,look_like
lklnz,alkalinize
lklz,alkalize
lkrnd,look_around
lkt,"look_to,look_out"
lktn,look_out_on
lkw,look_away
llw,lie_low
lm,"lime,loom,helm"
lmb,lamb
lmbr,"limber,lumber"
lmbrp,limber_up
lmnsc,luminesce
lmnt,"eliminate,laminate,lam_into,illuminate,lament"
lmnz,aluminize
lmp,"lump,limp"
lmt,limit
ln,"lie_in,line,lean,alien"
lnbck,lean_back
lnc,"lunch,launch,lance,lynch"
lnd,"land,lend"
lndnslf,lend_oneself
lndp,land_up
lndr,launder
lndscp,landscape
lndsn,lay_hands_on
lng,"lounge,lunge"
lngr,linger
lngs,languish
lngt,elongate
lngtn,lengthen
lnn,lean_on
lnnspckts,line_one's_pockets
lnp,line_up
lnrz,linearize
lnt,alienate
lnz,lionize
lp,"help,lay_up,leap,yelp,hole_up,lap,loop,lollop,lope,elope"
lpbtz,alphabetize
lpdf,lapidify
lpdt,lapidate
lpf,lip_off
lpfrg,leapfrog
lplz,lyophilize
lpnslf,help_oneself
lprd,lipread
lps,"lapse,elapse"
lpsnc,lip-synch
lpstck,lipstick
lpt,"leap_out,help_out"
lqdt,liquidate
lqf,liquefy
lr,"holler,layer,leer"
lrc,"lurch,lyric"
lrd,"lard,lord"
lrdtvr,lord_it_over
lrk,lurk
lrm,alarm
lrn,learn
ls,"lose,lash,lasso,lease"
lsf,loose_off
lsgnz,lysogenize
lsn,loosen
lsp,lisp
lssgtf,lose_sight_of
lst,"list,last"
lstftr,lust_after
lstgtr,lash_together
lstn,"holystone,listen"
lstnn,listen_in
lstrck,lose_track
lstrt,"lustrate,illustrate"
lstt,last_out
lt,"let,lay_out,lilt,elute,elate,halt,loot,lot"
ltc,latch
ltcn,latch_on
ltg,let_go
ltgf,let_go_of
ltgrp,lithograph
ltgt,litigate
ltnz,latinize
ltr,"litter,alter,lather,leather,letter,halter,loiter"
ltrbmb,letter_bomb
ltrcntrfg,ultracentrifuge
ltrlz,"literalize,lateralize"
ltrnt,alternate
ltrt,alliterate
ltt,let_out
lttg,let_it_go
lv,"leave,lave,halve,love,levy,live"
lvbnd,leave_behind
lvf,leave_off
lvfc,leave_office
lvl,level
lvn,live_in
lvnstnntrnd,leave_no_stone_unturned
lvnt,levant
lvr,lay_over
lvrg,leverage
lvs,lavish
lvt,"live_out,levitate"
lvtp,live_it_up
lw,"yellow,allow,hollow"
lwbl,lowball
lwk,lie_awake
lwnc,allowance
lwr,lower
lwstt,lay_waste_to
lwt,ally_with
lxclz,lexicalize
lxrt,luxuriate
m,"maim,aim,miaou,moo,hum,hem,mime,home"
mb,"imbue,imbibe,mambo"
mbd,"embed,embody"
mbg,humbug
mbl,"mumble,humble,amble"
mblm,embalm
mblt,ambulate
mblz,"immobilize,mobilize"
mblzn,emblazon
mbnk,embank
mbr,imbrue
mbrc,embrace
mbrct,imbricate
mbrdr,embroider
mbrg,embargo
mbrk,embark
mbrl,embroil
mbrs,embarrass
mbrtl,embrittle
mbrwn,embrown
mbs,"ambush,emboss"
mbtl,embattle
mbtn,ambition
mbtr,embitter
mbwr,embower
mbzl,embezzle
mc,"mimic,mooch,emcee"
mcdmz,macadamize
mck,"muck,mock"
mckrk,muckrake
mclt,machicolate
mcn,machine
mcngn,machine_gun
mcnws,machine_wash
mcnz,mechanize
mcrcp,microcopy
mcrflm,microfilm
mcrm,macrame
mcrt,macerate
mcrwv,microwave
mct,emaciate
md,"muddy,mud"
mdct,medicate
mdf,"modify,humidify"
mdl,"muddle,middle,model,meddle"
mdlt,modulate
mdn,madden
mdr,madder
mdrgl,madrigal
mdrnz,modernize
mdrt,moderate
mdt,mediate
mdwrstl,mudwrestle
mf,"humify,mummify,miff,muff"
mfl,muffle
mg,"image,mug"
mgltnt,haemagglutinate
mgn,imagine
mgnf,magnify
mgntz,magnetize
mgnz,homogenize
mgrp,mimeograph
mgrt,"immigrate,emigrate,migrate"
mjr,major
mk,"make,make_hay"
mkbld,make_bold
mkclnbrstf,make_a_clean_breast_of
mkgd,make_good
mknbnsbt,make_no_bones_about
mkns,make_noise
mkp,make_up
mkpc,make_peace
mkpnt,make_a_point
mksf,make_as_if
mksns,make_sense
mkt,make_out
mkw,make_way
ml,"moil,mill,mail,e-mail,maul,mull"
mlc,mulch
mlct,mulct
mld,"mold,meld"
mldz,melodize
mlf,mollify
mlfnctn,malfunction
mlgz,homologize
mlk,milk
mlngr,malinger
mlnz,melanize
mlsf,emulsify
mlst,molest
mlt,"malt,melt,emulate,mail_out,humiliate,immolate,militate"
mltpl,multiply
mltrz,militarize
mlw,mellow
mn,"mean,hymn,man,mine,hem_in,moon"
mnc,"menace,mince"
mncl,manacle
mncpt,emancipate
mncr,manicure
mnd,"emend,mend,mind,amend,mound"
mndl,manhandle
mndr,maunder
mndt,mandate
mndvr,mound_over
mndw,hem_and_haw
mnf,ammonify
mnfctr,manufacture
mnfld,manifold
mnfst,manifest
mng,manage
mngl,"mangle,mingle"
mngrlz,mongrelize
mnlgt,moonlight
mnlgz,monologuize
mnln,mainline
mnmntlz,monumentalize
mnmt,manumit
mnmz,minimize
mnplt,manipulate
mnplz,monopolize
mnr,manure
mnrlz,mineralize
mnsn,moonshine
mnst,amnesty
mnstr,minister
mnstrl,minstrel
mnstrt,menstruate
mnt,"ammoniate,mount,emanate,mint,miniate,amount"
mntl,mantle
mntn,"maintain,mention,munition"
mntnr,mountaineer
mntr,"mentor,monitor"
mntrz,miniaturize
mntz,monetize
mnvr,"manoeuver,maneuver"
mnz,"immunize,humanize"
mp,"map,mope"
mpc,impeach
mpct,impact
mpd,impede
mpgn,impugn
mpl,"imply,impale,impel"
mplc,emplace
mplct,implicate
mpld,implode
mplf,amplify
mplmnt,implement
mpln,emplane
mplnt,implant
mplsb,impulse-buy
mpnd,"impound,impend"
mpng,impinge
mpnl,empanel
mpqst,mapquest
mpr,"hamper,impair"
mprgnt,impregnate
mprnt,imprint
mprs,impress
mprsn,imprison
mprsnt,impersonate
mprt,"impart,import"
mprtn,importune
mprvs,improvise
mpt,"empty,impute,amputate"
mpvrs,impoverish
mpwr,empower
mr,"mar,mirror,humor,homer,moor,hammer,mire,marry"
mrbl,marble
mrblz,marbleize
mrc,"march,amerce"
mrcl,marcel
mrcnz,americanize
mrcrz,mercerize
mrd,maraud
mrdr,murder
mrg,emerge
mrgnlz,marginalize
mrk,"murk,mark"
mrkdwn,mark_down
mrkf,mark_off
mrkp,mark_up
mrkt,market
mrlz,"moralize,memorialize"
mrmr,murmur
mrn,"maroon,hammer_in,mourn"
mrnd,marinade
mrp,morph
mrs,immerse
mrsl,marshal
mrtc,mortice
mrtf,mortify
mrtg,mortgage
mrtlz,immortalize
mrtr,"martyr,mortar"
mrts,mortise
mrtz,amortize
mrvl,marvel
mrz,memorize
ms,"mousse,mess,miss,amuse,mouse,muss,mush,mass,mesh"
msblv,misbelieve
msbv,misbehave
mscgnt,miscegenate
mscl,"muscle,home-school"
msclclt,miscalculate
msclnt,muscle_into
msclnz,masculinize
msclt,emasculate
mscnstr,misconstrue
mscnt,miscount
mscr,"miscarry,massacre"
mscrt,miscreate
mscst,miscast
msd,misdo
msdl,misdeal
msdlvr,misdeliver
msdrct,misdirect
msdt,misdate
msdvs,misadvise
msfr,misfire
msg,"massage,misgauge,message"
msgv,misgive
msgvrn,misgovern
msjdg,misjudge
msk,mask
msl,misally
msld,mislead
mslgn,misalign
msmng,mismanage
msmr,mismarry
msmt,mismate
msmtc,mismatch
msnfrm,misinform
msnm,misname
msntrprt,misinterpret
mspl,"misspell,misplay,misapply"
msplc,misplace
mspnd,misspend
msprcv,misperceive
msprdc,mass-produce
msprnc,mispronounce
msprnt,misprint
msqrd,masquerade
msqt,misquote
msr,measure
msrd,misread
msrm,mushroom
msrmbr,misremember
msrprsnt,misrepresent
mst,"mist,misstate"
mstc,hemstitch
mstct,masticate
mstd,homestead
mstf,mystify
mstk,mistake
mstm,mistime
mstn,moisten
mstr,"master,muster"
mstrbt,masturbate
mstrmnd,mastermind
mstrng,hamstring
mstrnslt,mistranslate
mstrt,mistreat
mt,"emit,mutate,mouth,meet,imitate,emote"
mtbl,mothball
mtblz,metabolize
mtc,match
mtcz,mythicize
mtgt,mitigate
mtl,"motley,mottle,metal"
mtlgz,mythologize
mtlt,mutilate
mtlz,metalize
mtmrps,metamorphose
mtn,mutiny
mtprf,mothproof
mtpwt,meet_up_with
mtr,"mature,meter,miter,mother"
mtrbk,motorbike
mtrbt,motorboat
mtrclt,matriculate
mtrcz,metricize
mtrf,metrify
mtrlz,immaterialize
mtrt,matter_to
mtrz,motorize
mtstsz,metastasize
mtvt,motivate
mv,move
mvbckndfrt,move_back_and_forth
mvn,move_in
mvnn,move_in_on
mvnvlntrl,move_involuntarily
mvt,move_out
mvvr,move_over
mw,"meow,mew,mow"
mx,mix
mxmz,maximize
mxt,max_out
mz,amaze
mzl,muzzle
n,"henna,hone,annoy,honey"
nb,nab
nbckl,unbuckle
nbl,"nobble,enable,nibble,ennoble"
nblck,unblock
nblnc,unbalance
nblt,"unbolt,unbelt"
nbnd,"unbend,unbind"
nbr,unbar
nbrc,unbrace
nbrd,unbraid
nbrdl,unbridle
nbrdn,unburden
nbsm,unbosom
nbt,"inhibit,inhabit"
nbtn,unbutton
nbx,unbox
nc,"enhance,announce,hunch"
ncbt,incubate
ncd,encode
nck,"nick,neck"
nckl,nickel
ncklndm,nickel-and-dime
ncl,"uncoil,unicycle"
nclct,inculcate
ncld,include
nclg,unclog
nclk,uncloak
ncln,incline
nclp,unclip
ncls,enclose
nclsp,unclasp
nclt,"inoculate,enucleate,unclothe,nucleate"
ncltr,unclutter
ncmb,honeycomb
ncn,"enchain,unchain"
ncndsc,incandesce
ncnrt,incinerate
ncnt,enchant
ncpl,uncouple
ncpslt,encapsulate
ncr,"encore,anchor,incur"
ncrc,encroach
ncrcl,encircle
ncrg,encourage
ncrk,uncork
ncrl,uncurl
ncrmnt,incriminate
ncrmsn,encrimson
ncrndn,incarnadine
ncrnt,incarnate
ncrprt,incorporate
ncrs,"necrose,increase,uncross"
ncrst,encrust
ncrt,uncrate
ncrvt,incurvate
ncs,"encase,incise"
ncst,necessitate
nct,"incite,enact"
nctvt,inactivate
ncvr,uncover
nd,"nod,hand-dye,end,need,unhand,undo,hand,hound"
ndbld,handbuild
ndc,induce
ndck,undock
ndclr,handcolor
ndcp,handicap
ndcrft,handcraft
ndct,"induct,indicate,indict"
ndctrnt,indoctrinate
ndcv,undeceive
nddwn,hand_down
ndg,nudge
ndl,"needle,handle"
ndlg,indulge
ndlt,undulate
ndlwtkdglvs,handle_with_kid_gloves
ndmnf,indemnify
ndngr,endanger
ndnt,indent
ndntr,indenture
ndpck,hand-pick
ndr,endear
ndrbd,underbid
ndrcrg,undercharge
ndrct,"undercut,underact"
ndrcv,underachieve
ndrdrs,underdress
ndrdvlp,underdevelop
ndrg,undergo
ndrgrd,undergird
ndrgrw,undergrow
ndrl,"underlay,underlie"
ndrln,underline
ndrnrs,undernourish
ndrp,"undrape,underpay"
ndrpl,underplay
ndrpn,underpin
ndrprdc,underproduce
ndrprfrm,underperform
ndrqt,underquote
ndrs,"undress,endorse"
ndrscr,underscore
ndrsgn,undersign
ndrsl,undersell
ndrspnd,underspend
ndrst,"understate,undershoot"
ndrstck,understock
ndrstd,understudy
ndrstmt,underestimate
ndrstnd,understand
ndrt,indurate
ndrtk,undertake
ndrvl,undervalue
ndrwrt,underwrite
ndrxps,underexpose
ndsps,indispose
ndstrlz,industrialize
ndt,inundate
ndvdlz,individualize
ndvdt,individuate
ndvr,"hand_over,endeavor"
ndw,endow
ndwl,indwell
ndwrt,handwrite
ndws,handwash
ndx,index
ndz,anodize
nf,"unify,enfeoff"
nfbl,enfeeble
nfct,infect
nflct,"inflict,inflect"
nfld,"unfold,enfilade"
nflm,inflame
nflnc,influence
nflt,inflate
nfltrt,infiltrate
nfrc,enforce
nfrl,unfurl
nfrm,"inform,uniform"
nfrmz,uniformize
nfrncs,enfranchise
nfrt,infuriate
nfs,infuse
nfsct,infuscate
nfst,infest
nfstn,unfasten
nft,infatuate
nfx,infix
ng,"unhinge,hang,engage,nag,neigh,hinge"
ngbr,neighbor
ngbtrd,hang_by_a_thread
ngct,negociate
nggld,hang_glide
ngl,angle
nglcs,anglicise
nglct,neglect
nglf,engulf
nglprk,angle-park
nglt,angulate
ngn,hang_on
ngndr,engender
ngnr,engineer
ngp,hang_up
ngr,"anger,hunger"
ngrm,anagram
ngrn,ingrain
ngrt,"inaugurate,ingratiate"
ngrv,engrave
ngs,anguish
ngt,"negate,negotiate,hang_out"
ngtgtr,hang_together
nj,enjoy
njct,inject
njn,enjoin
njr,injure
nk,"ink,honk,nuke,unhook,unyoke,yank"
nkls,ankylose
nkr,hanker
nkrdwn,hunker_down
nl,"inhale,anneal,nail,inlay"
nlck,unlock
nld,unload
nldwn,nail_down
nlgtn,enlighten
nlgz,analogize
nlprs,nolle_pros
nlrg,enlarge
nlrn,unlearn
nls,"unloose,unlash,unleash"
nlst,enlist
nlv,unlive
nlvn,enliven
nlz,analyze
nm,name
nmb,numb
nmbr,number
nmdrp,namedrop
nmdvrt,animadvert
nmk,unmake
nml,enamel
nmlz,animalize
nmn,"unman,honeymoon"
nmnt,nominate
nmr,inmarry
nmrt,"numerate,enumerate"
nms,enmesh
nmsk,unmask
nmt,animate
nmz,animize
nmzl,unmuzzle
np,"nap,nip"
npck,"unpick,unpack"
nplg,unplug
npn,unpin
npt,input
nr,"inure,honor,inhere"
nrb,enrobe
nrc,enrich
nrctz,narcotize
nrg,enrage
nrk,nark
nrl,enroll
nrmlz,normalize
nrn,inhere_in
nrns,unharness
nrs,"nurse,nourish,unhorse"
nrt,"narrate,unearth,inherit"
nrvl,unravel
nrvt,"enervate,innervate"
nrw,narrow
ns,"nose,nosh,noose"
nscnc,ensconce
nscrb,inscribe
nscrmbl,unscramble
nscrw,unscrew
nsdl,unsaddle
nsdv,nosedive
nsflt,insufflate
nsk,ensky
nsl,"nasale,unseal,ensile"
nsldr,unsolder
nslt,insulate
nslv,enslave
nslz,nasalize
nsmnt,inseminate
nsnctf,unsanctify
nsnr,ensnare
nsnt,insinuate
nspct,inspect
nspl,unspell
nspn,inspan
nspr,inspire
nsr,insure
nsrn,enshrine
nsrt,insert
nst,"inset,insist,nest,unseat,unsheathe,institute"
nstf,unstuff
nstl,"instill,nestle,install"
nstms,anastomose
nstnt,instantiate
nstp,one-step
nstpl,unstaple
nstrct,instruct
nstrmnt,instrument
nstrng,unstring
nstrp,unstrap
nstz,anesthetize
nswr,answer
nsx,unsex
nt,"anoint,unite,ionate,intuit,hint,notate,note,ante,hunt,untie,net,nut,initiate,annotate,haunt,nutate"
ntc,"entice,unteach,notch,notice,unhitch"
ntcpt,anticipate
ntfs,net_fish
ntgnz,antagonize
ntgrt,integrate
ntl,"initial,entitle,nettle,entail"
ntlgz,anthologize
ntlz,initialize
ntmdt,intimidate
ntmt,intimate
ntmz,anatomize
ntn,untune
ntnd,intend
ntngl,entangle
ntnlz,nationalize
ntnsf,intensify
ntnt,intonate
ntpck,nitpick
ntq,antique
ntqt,antiquate
ntr,enter
ntrcd,intercede
ntrclt,intercalate
ntrcmnct,intercommunicate
ntrcnct,interconnect
ntrcng,interchange
ntrcpt,intercept
ntrct,interact
ntrd,intrude
ntrdc,introduce
ntrdct,interdict
ntrdn,intrude_on
ntrf,"nitrify,nutrify"
ntrfr,interfere
ntrg,intrigue
ntrgt,interrogate
ntrjct,"introject,interject"
ntrlck,interlock
ntrld,interlude
ntrlp,interlope
ntrlt,interrelate
ntrlv,interleave
ntrlz,"naturalize,neutralize"
ntrmr,intermarry
ntrn,"entrain,enthrone,intern"
ntrnc,"entrance,entrench"
ntrnlz,internalize
ntrntnlz,internationalize
ntrplt,"interpolate,interpellate"
ntrpmrpz,anthropomorphize
ntrpn,enter_upon
ntrpntrt,interpenetrate
ntrprt,interpret
ntrps,interpose
ntrpt,interrupt
ntrsct,intersect
ntrspct,introspect
ntrsprs,intersperse
ntrst,"interest,entrust"
ntrstrtf,interstratify
ntrt,nitrate
ntrtn,entertain
ntrtwn,intertwine
ntrvn,intervene
ntrvrt,introvert
ntrvw,interview
ntrz,notarize
nts,enthuse
ntscpt,intussuscept
ntsptcz,antisepticize
ntwn,untwine
ntwrk,network
ntwst,untwist
ntxct,intoxicate
ntz,unitize
nv,envy
nvc,invoice
nvd,invade
nvglt,invigilate
nvgnt,invaginate
nvgrt,invigorate
nvgt,navigate
nvk,invoke
nvl,unveil
nvld,invalid
nvldt,invalidate
nvlp,envelop
nvlv,involve
nvlz,novelize
nvnt,invent
nvntr,inventory
nvrslz,universalize
nvrt,invert
nvsn,envision
nvst,invest
nvstgt,investigate
nvt,"novate,invite"
nwnd,unwind
nwr,unwire
nwrp,unwrap
nwv,"inweave,unweave"
nx,annex
nz,"ionize,unionize"
nzf,nazify
nzl,nuzzle
nzp,unzip
p,"up,pop,peep,heap,hope,pay,hype,pooh-pooh,hoop,pipe,hop,ape"
pbck,pay_back
pbcrwl,pub-crawl
pblcz,publicize
pbls,publish
pc,"pooch,piece,pace,poach,pouch"
pcd,piece-dye
pcf,"opacify,pacify"
pck,"pack,pick,peck"
pckf,pick_off
pckl,pickle
pckmrk,pockmark
pckn,pack_on
pckp,pick_up
pckr,pucker
pckt,"pick_at,picket,pocket"
pcl,pipe-clay
pcnc,picnic
pcs,pay_cash
pctr,picture
pd,"pod,pad"
pdcr,pedicure
pdcst,podcast
pdl,"puddle,paddle,pedal,peddle,piddle"
pdlck,padlock
pdt,update
pf,"puff,pop_off,pay_off"
pfl,piffle
pfp,puff_up
pg,"peg,page,pig"
pgbck,piggyback
pgmnt,pigment
pgnl,pigeonhole
pgnz,paganize
pgrd,upgrade
pk,poke
pknt,poke_into
pl,"play,pull,pale,pole,pall,people,appeal,apply,pool,ply,hopple,poll,pile,peal,pal"
plbck,"pull_back,play_back"
plbrgn,plea-bargain
plc,"place,pleach"
plck,pluck
plckck,place-kick
plcrd,placard
plcrm,polychrome
pld,"plead,applaud,uphold,upload"
pldg,pledge
plf,"peel_off,pull_off"
plfr,pilfer
plft,uplift
plg,plug
plgn,plug_in
plgrz,plagiarize
plgw,plug_away
plgz,apologize
plk,polka
pllng,play_along
plm,plume
plmb,plumb
plmp,plump
plmpn,plump_in
plmpt,plump_out
plmrz,polymerize
plmt,plummet
plmz,polemize
pln,"plan,plane,pull_in"
plndr,"plunder,philander"
plng,plunge
plnk,plank
plnkdwn,plonk_down
plnswgt,pull_one's_weight
plnt,"pollinate,plant"
plp,"pulp,pile_up,plop"
plpbrt,palpebrate
plpsm,play_possum
plpsrt,pull_up_short
plpt,"palpate,palpitate"
plq,applique
plr,pillory
plrlz,pluralize
plrnd,play_around
plrz,"polarize,popularize"
pls,"palsy,polish,pulse,please"
plsc,opalesce
plspz,philosophize
plst,pulsate
plstcz,plasticize
plstnt,plastinate
plstr,"plaster,upholster"
plt,"epilate,pullulate,populate,pollute,play_out,plot,plat,pleat,plait,plate,pelt,pull_out"
pltbr,play_it_by_ear
pltc,poultice
pltck,politick
pltcz,politicize
pltdnz,platitudinize
pltlgf,pull_the_leg_of
pltltstps,pull_out_all_the_stops
pltlz,palatalize
pltnz,platinize
pltplg,pull_the_plug
plvr,"palaver,pull_over"
plw,"pillow,plow"
plx,poleax
plz,opalize
pmc,pumice
pmd,pomade
pml,pummel
pmp,pump
pmpdr,pompadour
pmpr,pamper
pmz,euphemize
pn,"happen,pinion,open,pan,opine,pin,pipe_in,pun,pain,pop_in,hop_on"
pnbrl,pan-broil
pnc,"pinch,punch,panic,pounce"
pncl,"pencil,pinnacle"
pnct,punctuate
pnctr,puncture
pnd,"pound,append,upend"
pndl,panhandle
pndr,pander
pndwn,pin_down
pnfr,"pan-fry,open_fire"
png,ping
pnk,pink
pnkf,pinkify
pnl,panel
pnp,"open_up,pen_up"
pnpnc,penny-pinch
pnpnt,pinpoint
pnr,pioneer
pnrd,poniard
pnrst,pan_roast
pns,punish
pnsn,pension
pnsnf,pension_off
pnt,"pant,point,pant-hoot,paint,punt,hyphenate,appoint,pan_out"
pntfct,pontificate
pntjm,point_jam
pntp,point_up
pntrt,penetrate
pnttw,point_the_way
pntz,hypnotize
pnw,pine_away
pp,"pipe_up,hype_up,pay_up"
pq,pique
pr,"pare,appear,pray,pry,purr,par,pepper,parry,prey,puree,paper,pair,pour,peer"
prb,probe
prbt,"approbate,probate"
prc,"parch,price,preach,approach,pierce,perch"
prcd,"proceed,precede"
prck,"precook,prick"
prckl,prickle
prckp,prick_up
prcl,parcel
prcld,preclude
prclm,proclaim
prclnz,porcelainize
prclt,percolate
prcncv,preconceive
prcndtn,precondition
prcp,preoccupy
prcpt,precipitate
prcr,procure
prcrd,prerecord
prcrstnt,procrastinate
prcs,"process,precis,percuss,precess"
prct,appreciate
prctc,practice
prcv,"perceive,apperceive"
prd,"prod,parody,pride,parade"
prdc,produce
prdcs,predecease
prdct,"predict,predicate"
prdgst,predigest
prdmnt,predominate
prdn,pardon
prdsps,predispose
prdstn,predestine
prdt,predate
prdtrmn,predetermine
prf,"proof,purify"
prfbrct,prefabricate
prfct,perfect
prfgr,prefigure
prfl,profile
prfm,perfume
prfr,prefer
prfrd,proofread
prfrm,"preform,perform"
prfs,"perfuse,profess"
prfsnlz,professionalize
prft,profit
prftr,profiteer
prfx,prefix
prg,"purge,prorogue"
prgrm,program
prgrnt,peregrinate
prgrp,paragraph
prgrs,progress
prgt,parget
prjct,project
prjdc,prejudice
prjdg,prejudge
prjr,perjure
prk,park
prkp,perk_up
prl,"parallel,parley,parlay,pearl,purl,parole"
prld,prelude
prlfrt,proliferate
prlgz,prologize
prlng,prolong
prlprk,parallel-park
prlps,prolapse
prlstc,purl_stitch
prlz,"paralyze,parallelize"
prm,"perm,prim,prime"
prmbl,preamble
prmblt,perambulate
prmd,pyramid
prmdt,premeditate
prmlgt,promulgate
prmnd,promenade
prmpt,"prompt,preempt"
prmr,premier
prms,"premise,promise"
prmt,"permute,permit,promote,permeate"
prn,preen
prnc,"pronounce,prance"
prnd,apprehend
prng,"prang,prearrange"
prnk,"prank,prink,pronk"
prnt,"print,pronate,perennate"
prntc,apprentice
prp,prepay
prpgndz,propagandize
prpgt,propagate
prpl,"purple,propel"
prplx,perplex
prpnd,propound
prpndrt,preponderate
prpp,prop_up
prpr,prepare
prprs,paraphrase
prprt,"purport,appropriate"
prprtn,proportion
prps,"purpose,propose,prophesy,prepose,prepossess"
prpstn,proposition
prpt,"propitiate,perpetuate"
prptrt,perpetrate
prs,"purse,parse,praise,phrase,press,uprise,pursue,peruse,oppress"
prsct,"prosecute,persecute"
prsd,"persuade,preside"
prsdwn,press_down
prslt,preisolate
prsltz,proselytize
prsm,presume
prsn,press_on
prsnf,personify
prsnlz,personalize
prsnt,present
prspct,prospect
prsps,presuppose
prsrck,pressure-cook
prsrv,preserve
prsrws,pressure-wash
prsrz,pressurize
prst,"press_out,prostitute,persist"
prstrt,prostrate
prsvr,persevere
prsvrt,perseverate
prt,"operate,preheat,port,prorate,pour_out,parrot,perorate,uproot,pirouette,pirate,party"
prtbrt,protuberate
prtcpt,participate
prtct,protect
prtk,partake
prtkn,partake_in
prtn,"operate_on,partition,pertain"
prtnd,pretend
prtnr,partner
prtr,"portray,porter"
prtrb,perturb
prtrmt,pretermit
prtrp,hypertrophy
prtst,protest
prtz,prioritize
prv,"prove,approve"
prvd,provide
prvk,provoke
prvl,prevail
prvlg,privilege
prvnslf,prove_oneself
prvnt,prevent
prvntlt,hyperventilate
prvprt,pervaporate
prvrt,pervert
prvsn,provision
prvtz,privatize
prvw,preview
prwl,prowl
prwn,prawn
prxd,peroxide
prxmt,approximate
prxst,preexist
prxtnd,hyperextend
prz,"aphorize,prize"
przfgt,prizefight
ps,"phase,push,oppose,pause,pose,appose,poise,pass,possess"
psctmz,hypophysectomize
psf,pass_off
pslm,psalm
psn,"poison,phase_in,pass_on"
psnz,opsonize
psp,"push_up,pass_up"
psprsc,phosphoresce
pssd,push_aside
pst,"upset,post,paste,phase_out,push_out"
pstdt,postdate
pstg,upstage
pstl,pestle
pstlt,postulate
pstlwp,pistol-whip
pstmrk,postmark
pstn,position
pstpn,postpone
pstps,postpose
pstrg,pass_through
pstrpz,apostrophize
pstrz,pasteurize
pstz,"hypostatize,apostatize"
psvr,pass_over
psw,pass_away
pt,"pout,pupate,poop_out,pit,pop_out,put,pet,putty,putt,pot,hop_out,pith"
ptc,"patch,pitch"
ptcfrk,pitchfork
ptcn,pitch_in
ptcp,photocopy
ptct,hypothecate
ptgrp,photograph
ptmz,optimize
ptn,"put_on,petition,put_in"
ptnt,"potentiate,patent,patinate"
ptp,put_up
ptr,"putter,pother,patter,potter"
ptrf,"petrify,putrefy"
ptrl,patrol
ptrn,pattern
ptrnbmb,pattern-bomb
ptrng,patronage
ptrnz,patronize
ptsnstz,photosensitize
ptst,photostat
ptsz,apotheosize
ptt,"opt_out,put_out"
pttflrs,put_out_feelers
pttrg,put_through
pttslp,put_to_sleep
ptw,put_away
ptz,peptize
pv,"pave,upheave,peeve"
pvt,pivot
pw,"powwow,paw"
pwdr,powder
pwdrz,powderize
pwn,pawn
pwr,power
pwrdv,power-dive
px,epoxy
pzl,puzzle
pzlvr,puzzle_over
qbl,quibble
qck,quack
qckfrz,quick-freeze
qckn,quicken
qckstp,quickstep
qdrpl,quadruple
qdrplct,quadruplicate
ql,"equal,quell"
qlbrt,equilibrate
qlf,qualify
qlt,quilt
qlz,equalize
qn,queen
qnc,quench
qntf,quantify
qntpl,quintuple
qntz,quantize
qp,equip
qpln,aquaplane
qr,"queer,quarry"
qrk,quirk
qrl,quarrel
qrntn,quarantine
qrtr,quarter
qrtrbck,quarterback
qst,quest
qstfr,quest_for
qstn,question
qt,"quote,equate"
qtn,quieten
qtnt,aquatint
qvr,"quaver,quiver"
qz,quiz
r,"roar,harry,air,err,hurrah,rear,hare,hear,hire,rehear,ray"
rb,"rub,rib,orb,rob"
rbck,rear_back
rbf,"rubify,rebuff"
rbl,rebel
rbld,rebuild
rblt,rehabilitate
rbnd,rebind
rbnz,urbanize
rbr,"harbor,rebury"
rbrc,rubric
rbrct,rubricate
rbrnck,rubberneck
rbrs,airbrush
rbrstmp,rubberstamp
rbrz,"rubberize,arborize"
rbs,rubbish
rbsrb,reabsorb
rbt,"rabbit,rabbet,rebate"
rbtrg,arbitrage
rc,"reach,reecho,race,roach,rice,arch"
rcd,"recode,recede"
rcgnz,recognize
rck,"rack,rick,rock"
rckl,ruckle
rckn,reckon
rckp,rack_up
rckt,"rocket,racket"
rcktr,racketeer
rcl,"recall,recycle,air-cool"
rclclt,recalculate
rclctrt,recalcitrate
rclm,reclaim
rcln,recline
rclsf,reclassify
rcmb,recumb
rcmbn,recombine
rcmnc,recommence
rcmnd,recommend
rcmt,recommit
rcncl,reconcile
rcndtn,"recondition,air-condition"
rcnfrm,reconfirm
rcnqr,reconquer
rcnscrt,reconsecrate
rcnsdr,reconsider
rcnsnstrls,reach_one's_nostrils
rcnstrct,reconstruct
rcnt,"recount,reach_into"
rcnvct,reconvict
rcnvn,reconvene
rcnvrt,reconvert
rcp,"recopy,recoup"
rcprct,reciprocate
rcprt,recuperate
rcpt,receipt
rcptlt,recapitulate
rcptr,recapture
rcqnt,reacquaint
rcr,recur
rcrd,record
rcrg,recharge
rcrmnt,recriminate
rcrt,"re-create,recruit,recreate"
rcrv,recurve
rcs,"recuse,recess"
rcst,recast
rcstrt,orchestrate
rct,"react,reach_out,recite"
rctf,rectify
rctvt,reactivate
rcv,"receive,archive"
rcvr,recover
rcz,archaize
rd,"erode,read,reread,rede,radio,raid,ride,red-eye,herd,hoard,rid"
rdbl,redouble
rdbtwntlns,read_between_the_lines
rdc,reduce
rdcl,ridicule
rdclz,radicalize
rdcrt,redecorate
rdct,rededicate
rdf,ride_off
rdfn,redefine
rdg,ridge
rdjst,readjust
rdl,"raddle,ruddle,riddle,hurdle"
rdlct,radiolocate
rdln,redline
rdm,redeem
rdmt,readmit
rdn,"redden,harden,ordain"
rdnd,redound
rdnk,red-ink
rdpl,redeploy
rdplct,reduplicate
rdpst,redeposit
rdpt,readapt
rdr,"order,reorder"
rdrct,redirect
rdrd,ride_herd
rdrgsd,ride_roughshod
rdrp,air-drop
rdrs,re-address
rdrsbck,ride_horseback
rdsc,iridesce
rdscvr,rediscover
rdsgn,redesign
rdsps,redispose
rdsrfc,hard_surface
rdstrbt,redistribute
rdt,"radiate,irradiate"
rdtbnc,ride_the_bench
rdtrmn,redetermine
rdvlp,redevelop
rf,"rarefy,reef,aurify,reify,roof,riff,roar_off"
rfc,reface
rfcs,refocus
rfl,"rifle,ruffle,riffle,raffle,refuel"
rflct,reflect
rflctrz,reflectorize
rflt,"reflate,refloat"
rfn,refine
rfnc,refinance
rfnd,refund
rfns,refinish
rfr,"refer,referee"
rfrbs,refurbish
rfrct,refract
rfrctr,refracture
rfrgrt,refrigerate
rfrm,"reform,reaffirm"
rfrn,refrain
rfrnc,reference
rfrns,refurnish
rfrs,refresh
rfrst,"re-afforest,reforest"
rfs,refuse
rft,"refute,raft,refit"
rftr,rafter
rg,"rouge,rag,rig,urge,argue,re-argue,rage"
rgcst,roughcast
rgdf,rigidify
rgdr,rough-dry
rgdz,ruggedize
rgl,regale
rglrz,regularize
rglt,regulate
rgmnt,regiment
rgn,"arraign,roughen,rough_in,reign"
rgnrt,regenerate
rgnt,"originate,reignite"
rgntn,originate_in
rgnz,"organize,reorganize"
rgp,"rough_up,rig_up"
rgrd,regard
rgrgt,regurgitate
rgrp,regroup
rgrs,regress
rgrt,regret
rgrw,regrow
rgs,"roughhouse,rough-house"
rgsnd,rough-sand
rgstr,register
rgt,"irrigate,right,arrogate"
rgw,rough-hew
rjc,rejoice
rjct,reject
rjn,rejoin
rjvnt,rejuvenate
rk,"reek,rake,hark"
rkbck,hark_back
rkf,rake_off
rkn,rake_in
rkndl,rekindle
rkp,rake_up
rl,"roll,rule,rally,relay,rail,hurl,roil,reel"
rlc,relace
rlct,"relocate,reelect"
rld,reload
rlf,reel_off
rlft,airlift
rlgn,realign
rlgt,relegate
rln,"reline,roll_in"
rlp,roll_up
rlps,relapse
rlqn,harlequin
rlrbld,rollerblade
rlrc,relyric
rlrd,railroad
rlrn,relearn
rlrskt,roller_skate
rls,release
rlt,"rule_out,relate,roll_out,reallot"
rltvz,relativize
rlv,"relieve,relive"
rlvr,roll_over
rlx,relax
rlz,realize
rm,"harm,ream,arm,rearm,ram,rhyme,rim"
rmb,rhumba
rmbl,rumble
rmbln,ramble_on
rmbr,remember
rmbrnslf,remember_oneself
rmbrs,reimburse
rmd,remedy
rmdl,remodel
rmf,ramify
rmg,rummage
rmk,remake
rml,airmail
rmltrz,remilitarize
rmn,remain
rmnc,romance
rmnd,remind
rmndr,remainder
rmnsc,reminisce
rmnstrt,remonstrate
rmnt,"ruminate,remount"
rmntcz,romanticize
rmnz,"harmonize,romanize,reharmonize"
rmp,"romp,ramp"
rmpg,rampage
rmpl,rumple
rmps,"re-emphasise,reimpose,rumpus"
rmr,"rumor,armor,remarry"
rmt,remit
rmv,remove
rn,"run,rerun,ruin,yarn,iron,horn,roneo,yearn,rein,earn,rain"
rnb,run_by
rnbs,run_bases
rnc,ranch
rncrnt,reincarnate
rncrprt,re-incorporate
rnct,reenact
rnd,"round,rear-end,rend"
rndf,round_off
rndmz,randomize
rndp,round_up
rndr,"render,run_dry"
rndrst,render-set
rndt,round_out
rndwn,run_down
rndzvs,rendezvous
rnf,"run_off,reunify"
rnfrc,reinforce
rng,"rearrange,arrange,renege,harangue,range,ring"
rngct,renegociate
rngn,range_in
rngp,ring_up
rngt,ring_out
rnk,rank
rnlw,run_low
rnm,rename
rnmnt,ornament
rnn,run_on
rnnt,run_into
rnp,run_up
rns,"harness,rinse"
rnsm,ransom
rnsr,reinsure
rnst,reinstate
rnstl,reinstall
rnt,"urinate,iron_out,reorient,run_out,orient,rant,reorientate,rent,reunite,rain_out"
rntgrt,reintegrate
rntlz,orientalize
rntr,re-enter
rntrdc,reintroduce
rntrprt,reinterpret
rnvnt,reinvent
rnvt,renovate
rnw,run_away
rp,"rip,harp,rap,rope,reap,rape"
rpbls,republish
rpdt,repudiate
rpl,"replay,repel,rappel,ripple"
rplc,replace
rplct,replicate
rplns,replenish
rplnt,replant
rplt,horripilate
rpn,"ripen,rope_in,repine,harpoon,reopen,orphan"
rpnt,"repaint,repent"
rpnz,europeanize
rpp,rope_up
rpr,"repair,reappear"
rprbt,reprobate
rprc,reproach
rprcs,repercuss
rprdc,reproduce
rprmnd,reprimand
rprnd,reprehend
rprnt,reprint
rprs,"repress,reappraise,reprise"
rprsnt,represent
rprt,report
rprtn,reapportion
rprtt,report_out
rprv,reprieve
rps,repose
rpsdz,rhapsodize
rpsn,repose_on
rpst,"riposte,reposit"
rpstn,reposition
rpt,"erupt,rip_out,repeat,repot"
rptrt,repatriate
rqp,re-equip
rqst,request
rqstn,requisition
rqt,requite
rs,"rise,raise,arise,rush,erase,reassess,harass,rehash,horse,rehearse,arouse,horseshoe,rehouse,reissue"
rsblm,resublime
rsc,rescue
rscdl,reschedule
rscl,rescale
rsct,"resuscitate,resect"
rsd,"reseed,reside"
rsf,rush_off
rsfl,reshuffle
rsft,resift
rsgn,resign
rsk,risk
rsl,"resile,raise_hell,reassail,reseal,resell"
rslk,air-slake
rslt,result
rslv,resolve
rslz,aerosolize
rsm,"resume,re-assume"
rsmbl,"reassemble,resemble"
rsmdg,resmudge
rsn,"harshen,reason,harsh_on,rosin"
rsnd,resound
rsnt,"resonate,resent,resinate"
rsp,"reshape,rasp,reship,air-ship"
rspct,respect
rsplnd,resplend
rspnd,"resuspend,respond"
rspr,respire
rsr,reassure
rsrc,"research,horse-race"
rsrct,resurrect
rsrfc,resurface
rsrg,resurge
rsrnd,horse_around
rsrv,reserve
rst,"rest,rust,reset,roast,roost,reshoot,resist,reseat"
rstck,restock
rstct,rusticate
rstl,"resettle,rustle"
rstr,restore
rstrct,restrict
rstrctr,restructure
rstrd,horse-trade
rstrf,raise_the_roof
rstrn,restrain
rstrngtn,restrengthen
rstrt,restart
rstrz,rasterize
rsw,resew
rswp,horsewhip
rsz,resize
rt,"irritate,hurt,ret,rotate,root,reheat,rate,orate,rout,retie,earth,rat,route,air_out,hear_out,hire_out,riot,rut"
rtc,retouch
rtcl,article
rtclt,"articulate,reticulate"
rtcnt,ratiocinate
rtct,"ratchet,urticate"
rtcz,eroticize
rtk,retake
rtl,"rattle,hurtle,retail,retool"
rtldwn,rattle_down
rtlt,retaliate
rtlz,ritualize
rtn,"retain,ration"
rtnk,rethink
rtnlz,rationalize
rtnlzw,rationalize_away
rtp,rout_up
rtr,retire
rtrbt,reattribute
rtrct,retract
rtrd,"retread,retard"
rtrflx,retroflex
rtrft,retrofit
rtrgrd,retrograde
rtrlz,arterialize
rtrn,"retrain,return"
rtrnc,retrench
rtrnslt,retranslate
rtrnsmt,retransmit
rtrt,"retreat,retort"
rtrv,retrieve
rtt,rout_out
rv,"revive,rave,reeve,arrive"
rvk,revoke
rvl,"revalue,rival,ravel,reveal,revel"
rvlt,revolt
rvltnz,revolutionize
rvlv,revolve
rvlvrnd,revolve_around
rvmp,revamp
rvn,raven
rvng,revenge
rvp,rev_up
rvrbrt,reverberate
rvrnc,reverence
rvrt,revert
rvs,revise
rvst,"harvest,revisit"
rvt,"rivet,revet"
rvtlz,revitalize
rvw,review
rw,"harrow,row"
rwkn,reawaken
rwr,rewire
rwrd,reward
rwrk,rework
rwrt,rewrite
rxmn,re-examine
rxplr,re-explore
rzr,razor
s,"shoe,hose,souse,ash,shush,hush,issue,see,assess,assay,sass,say,hiss,use,hash,shy,ease,house"
sb,sob
sbcntrct,subcontract
sbdvd,subdivide
sbjct,subject
sbjgt,subjugate
sbjn,subjoin
sblm,sublime
sblmt,sublimate
sblt,"assibilate,sibilate,sublet"
sblxt,subluxate
sbmrg,submerge
sbmrn,submarine
sbmt,submit
sbpn,subpoena
sbr,"sober,saber,sabre"
sbrbnz,suburbanize
sbrdnt,subordinate
sbrgt,subrogate
sbrk,housebreak
sbrn,suborn
sbrp,sober_up
sbscrb,subscribe
sbsd,subside
sbsdz,subsidize
sbsm,subsume
sbsrv,subserve
sbst,substitute
sbstnt,substantiate
sbtg,sabotage
sbtl,subtitle
sbtlz,subtilize
sbtnd,subtend
sbtrct,subtract
sbvclz,subvocalize
sbvrt,subvert
sc,"sauce,sic"
scb,scab
scd,"scud,succeed,secede"
scdl,schedule
scf,"scoff,scuff"
scfl,scuffle
scfld,scaffold
sck,"shock,shuck,suck,sock,sack"
sckl,suckle
sckn,"sicken,suck_in"
scl,"scale,scull,school"
scld,"scald,seclude,escalade"
scldwn,scale_down
sclf,sclaff
scln,houseclean
sclp,"scallop,scalp,scale_up"
sclpt,sculpt
sclrz,secularize
sclt,"escalate,oscillate,auscultate,osculate"
sclz,socialize
scm,"scheme,scum"
scmb,succumb
scmp,scamp
scmtz,schematize
scn,scan
scnd,"scend,ascend,second"
scndgs,second-guess
scnr,schnorr
scnt,"scent,scant"
scntlt,scintillate
scp,"escape,scoop"
scpt,scoop_out
scr,"scry,score,scour,scar,scurry,secure,succor"
scrb,"scrub,scribe"
scrbl,scribble
scrc,scorch
scrf,"scarf,saccharify,scarify"
scrfc,sacrifice
scrg,scourge
scrl,scroll
scrm,"scram,scream"
scrmbl,scramble
scrmg,scrimmage
scrmp,scrimp
scrmsnk,scrimshank
scrn,screen
scrnf,screen_off
scrng,scrounge
scrp,"scrap,scrape"
scrpl,scruple
scrplng,scrape_along
scrpt,script
scrt,"secrete,escort"
scrtc,scratch
scrtct,scratch_out
scrtn,ascertain
scrw,screw
scrwp,screw_up
scs,"succuss,schuss"
scsr,scissor
sct,"associate,scythe,scat,scout"
sctc,scotch
sctctp,scotch_tape
sctn,suction
sctnlz,sectionalize
sctr,scatter
scvng,scavenge
scwl,scowl
sd,"shed,shade,seed,side,sod"
sdbl,see_double
sdbld,shed_blood
sdc,seduce
sdl,"saddle,sidle"
sdln,sideline
sdmnt,sediment
sdmz,sodomize
sdn,sadden
sdr,shudder
sds,suds
sdslp,side-slip
sdswp,sideswipe
sdt,sedate
sdtrck,sidetrack
sdw,shadow
sdwbx,shadowbox
sf,"ossify,shoo_off"
sfc,suffice
sfct,suffocate
sfgrd,safeguard
sfl,shuffle
sfr,suffer
sfrt,issue_forth
sfrwl,say_farewell
sfs,suffuse
sft,"shift,sift,shaft"
sftn,soften
sftpdl,soft-pedal
sftsldr,soft-solder
sftsp,soft-soap
sfx,suffix
sg,"sigh,segue,sough,shag,sag"
sgmnt,segment
sgn,"assign,sign"
sgnf,"signify,sign_off"
sgnlz,signalize
sgnp,sign_up
sgnpst,signpost
sgnw,sign_away
sgr,sugar
sgrct,sugarcoat
sgrgt,segregate
sgst,suggest
sgt,sight
sgtrd,sightread
sgts,sightsee
sgtsng,sightsing
sjrn,sojourn
sk,"shake,husk,soak,ask,seek,ski"
skd,skid
skdl,skedaddle
skdv,sky_dive
skfrt,ask_for_it
skjck,skyjack
skjmp,ski_jump
sklk,skulk
skm,skim
skmct,skimcoat
skmp,skimp
skmvr,skim_over
skn,skin
skndp,skinny-dip
sknds,shake_hands
skndv,skin-dive
sknk,skank
sknp,skin_pop
sknvr,skin_over
skp,"skip,housekeep"
skpbmb,skip-bomb
skpr,skipper
skptwn,skip_town
skrl,skirl
skrms,skirmish
skrt,skirt
skt,"seek_out,skate,ask_out"
sktbrd,skateboard
sktc,sketch
sktl,skittle
sktr,skitter
skv,skive
skw,skew
skwr,skewer
sl,"shell,sole,seal,sell,assail,solo,sail,seel,shill"
slbf,syllabify
slbz,syllabize
slc,"sluice,slice,shellac,slouch"
slck,"slick,slack"
slckn,slacken
slcnt,slice_into
slct,solicit
sld,"shield,sled,slide"
sldf,solidify
sldg,sledge
sldgmr,sledgehammer
sldr,"soldier,shoulder,solder"
sldrn,shoulder_in
slf,sell_off
slfdstrct,self-destruct
slfrt,"sulfurette,sally_forth"
slft,sulfate
slg,"slag,slug,slog"
slgf,slough_off
slgnr,sloganeer
slgt,slight
slgz,syllogize
slk,"slake,sulk"
slkscrn,silkscreen
slm,"salaam,slam,slime,slalom,slum"
slmdnc,slam_dance
slmdnk,slam-dunk
slmnz,solemnize
slmp,slump
slmz,islamize
slmzt,solmizate
slnc,silence
slndp,island_hop
slndrz,slenderize
slng,"slang,sling"
slnk,slink
slnt,"salinate,slant"
slp,"sleep,slip,slop,slap,shlep,slope"
slpf,"slip_off,sleep_off"
slpln,sailplane
slplt,sleep_late
slpn,"slip_on,slip_in,slap_on"
slpr,sulphur
slptgtr,sleep_together
slpvr,sleep_over
slpw,slip_away
slpwlk,sleepwalk
slr,slur
slrp,slurp
slrz,solarize
sls,"slash,slosh"
slsl,shillyshally
slsrt,sell_short
slstc,shell_stitch
slt,"salt,isolate,slot,slate,salute,sell_out,slat,slit,silhouette,saltate,sleet"
sltp,silt_up
sltr,"slather,slither,shelter"
slv,"salve,solve,shelve,slave"
slvg,salvage
slvr,"sliver,silver"
slvrplt,silverplate
slvt,"salivate,solvate"
slw,"sallow,slow,shallow"
sm,"assume,shame,seam,shimmy,seem"
smb,samba
smbl,assemble
smblz,symbolize
smc,smooch
smck,"smack,smock"
smgl,smuggle
smk,smoke
smkt,smoke_out
sml,"smile,smell"
smldr,smolder
smlt,"assimilate,smelt,simulate"
smn,summon
smnz,"simonize,shamanize"
smp,"shampoo,sum_up"
smpl,sample
smplf,simplify
smpnz,symphonize
smpr,semaphore
smptz,sympathize
smr,"simmer,smear,shimmer,summer"
smrc,smirch
smrk,smirk
smrslt,somersault
smrz,"summerize,isomerize,summarize"
sms,smash
smt,"smut,smooth,smite,summit,summate"
smtmtz,semi-automatize
smtn,smoothen
smtr,"smatter,smother"
smtrz,symmetrize
smz,shmooze
sn,"sun,season,shun,seine,sin,shine"
snbrn,sunburn
snck,snick
snckr,snicker
sncpt,syncopate
sncrnz,synchronize
sncrtz,syncretize
snctn,sanction
snd,"send,sound"
sndbg,sandbag
sndblst,sandblast
sndcst,sand_cast
sndct,syndicate
snddwn,send_down
sndf,sound_off
sndmsg,send_a_message
sndn,send_in
sndpr,sandpaper
sndprf,soundproof
sndr,sunder
sndrnd,send_around
sndwc,sandwich
snf,"sniff,snuff,snafu"
snfl,"snuffle,snaffle"
snft,"snuff_out,sniff_out"
sng,"singe,sing,snag,snog,shanghai"
sngl,"shingle,single"
snglcrct,single_crochet
snglft,single-foot
snglng,sing_along
snglrz,singularize
snglt,single_out
sngsng,singsong
snk,"shank,snake,sneak,sink"
snkn,sneak_in
snkr,snooker
snl,snail
snp,"snap,snipe,snip"
snpbck,snap_back
snpp,snap_up
snpt,snap_at
snr,"snore,sneer"
snrkl,snorkel
snrl,snarl
snrt,snort
sns,sense
snsc,senesce
snslz,sensualize
snstz,sensitize
snt,"assent,assassinate,sonnet,shunt,sanitate,shine_at,assonate"
sntc,snatch
sntmntls,sentimentalise
sntmntlz,sentimentalize
sntn,suntan
sntnc,sentence
sntr,sinter
sntsz,synthesize
sntz,sanitize
snvl,snivel
snw,snow
snwbl,snowball
snwblnd,snow-blind
snwbrd,snowboard
snwmbl,snowmobile
snws,snowshoe
snz,"sneeze,snooze"
sp,"soap,soup,shape,ease_up,spy,sip,sup,sap,hasp,ship,sop,seep,shop"
spc,"spice,space"
spcf,"specify,speechify"
spck,speck
spckl,speckle
spclt,speculate
spclz,specialize
spct,"speciate,auspicate,suspect,spectate"
spcwlk,spacewalk
spd,"spade,spud,speed"
spdskt,speed_skate
spf,spoof
spk,"spike,speak,spook"
spkfr,speak_for
spkftdvl,speak_of_the_devil
spkntngs,speak_in_tongues
spkp,speak_up
spl,"spell,spoil,spill,supple,spiel,spool,splay,supply"
splc,splice
splct,supplicate
splft,shoplift
splmnt,supplement
splnt,"splint,supplant"
splntr,splinter
splrg,splurge
spls,splash
splt,"splat,spell_out,asphalt"
spltbns,spill_the_beans
spltc,splotch
spltr,splutter
splvr,spill_over
spm,spam
spn,"spin,spoon,siphon"
spnd,"suspend,spend"
spndr,spin-dry
spndz,spondaize
spnf,"spin_off,saponify"
spnfd,spoonfeed
spng,"spang,sponge"
spngdwn,sponge_down
spngl,spangle
spngn,sponge_on
spngp,sponge_up
spnk,spank
spnsr,sponsor
spnt,supinate
spp,soup_up
spr,"spar,spare,spree,spur,spray,spear"
sprcp,spruce_up
sprcrg,supercharge
sprd,"spread,spearhead,shepherd"
sprdgl,spread-eagle
sprdnt,superordinate
sprdr,spray-dry
sprft,superfetate
sprg,sparge
sprk,spark
sprkl,sparkle
sprl,spiral
sprlt,sporulate
sprmps,superimpose
sprnfct,superinfect
sprng,spring
sprngcln,spring-clean
sprnkl,sprinkle
sprnt,"superannuate,sprint"
sprps,superpose
sprs,suppress
sprscrb,superscribe
sprt,"aspirate,sprout,suppurate,spirit,separate,support,spurt,sport"
sprtlz,spiritualize
sprtscst,sportscast
sprtw,spirit_away
sprtz,"spiritize,spritz"
sprvn,supervene
sprwl,sprawl
sps,"espouse,suppose"
spstct,sophisticate
spt,"spat,spit,spot"
sptck,"spot-check,spatchcock"
sptjm,spot_jam
sptlgt,spotlight
sptlz,hospitalize
sptprmt,spot_promote
sptr,"sputter,spatter"
sptwld,spotweld
spw,spew
spwn,spawn
spwrck,shipwreck
sqg,squeegee
sqkb,squeak_by
sql,"squall,squeal"
sqlc,squelch
sqnc,"sequence,squinch"
sqnt,squint
sqr,"square,squire"
sqrdnc,square_dance
sqrp,square_up
sqrt,squirt
sqs,"squash,squish"
sqstr,sequester
sqt,squat
sqwk,squawk
sqz,squeeze
sqzfr,squeeze_for
sqzt,squeeze_out
sr,"soar,shirr,sear,sour,shear,assure,share,sheer,usher,shore"
srb,sorb
src,"source,search"
srcrg,surcharge
srcrz,sorcerize
srd,"shroud,shred"
srf,surf
srfbrd,surfboard
srfc,surface
srft,surfeit
srg,"shrug,surge"
srgf,shrug_off
srk,"shirk,shriek,shark"
srlz,serialize
srmnt,surmount
srmnz,sermonize
srmp,shrimp
srms,surmise
srn,shoehorn
srnd,"surround,serenade"
srndr,surrender
srng,syringe
srnk,shrink
srnkbck,shrink_back
srnkwrp,shrinkwrap
srp,usurp
srpn,sharpen
srprs,surprise
srps,surpass
srpst,sharpshoot
srt,"shirt,assert,susurrate,serrate"
srtcng,short-change
srtcrct,short-circuit
srtlst,shortlist
srtn,shorten
srtnslf,assert_oneself
srtx,surtax
srv,"survey,shrive,serve,survive"
srvc,service
srvl,"shrivel,surveil"
st,"soothe,stay,set,seethe,saute,shoot,see_eye_to_eye,hash_out,shout,state,stet,sit,satiate,host,soot,sheet,hoist,seat,situate,sheathe,oust,assist,hesitate,suit"
stb,"stub,stab,sit_by"
stbck,"sit_back,set_back"
stbl,stable
stbls,establish
stblz,"stabilize,set_ablaze"
stbt,"stub_out,set_about"
stc,stucco
stck,"stick,stack,stock"
stckd,stockade
stckl,stickle
stckt,"stick_to,stick_out"
stcktgtr,stick_together
stcrps,shoot_craps
std,"steady,study,stud"
stdwn,"set_down,shout_down,sit_down"
stf,"stuff,set_off,staff,shut_off"
stfl,stifle
stfn,stiffen
stfrt,set_forth
stg,"stooge,stage,stag"
stgdrct,stage_direct
stgmtz,stigmatize
stgnt,stagnate
stgr,stagger
stk,"stake,stoke"
stl,"stale,stool,settle,stall,still,hustle,style,steal,steel,shuttle"
stlck,shuttlecock
stlfs,still-fish
stlk,stalk
stlmt,stalemate
stlnslfgnst,steel_oneself_against
stlnt,still-hunt
stlnz,stalinize
stlt,satellite
stltf,stultify
stlz,stylize
stm,"stem,steam"
stmbl,stumble
stmc,stomach
stmlt,stimulate
stmp,"stump,stamp,stomp"
stmpd,stampede
stmpt,stamp_out
stmr,steamer
stmrl,steamroll
stmrlr,steamroller
stmt,"estimate,steam-heat"
stmtz,systematize
stn,"stun,stain,set_in,sustain,station,stone,sit_in"
stncl,stencil
stnd,stand
stndb,stand_by
stndbck,stand_back
stndfr,stand_for
stndgrd,stand_guard
stndp,stand_up
stndpt,stand_pat
stndrdz,standardize
stndstl,stand_still
stndt,stand_out
stng,sting
stngrp,stenograph
stnk,stink
stnkp,stink_up
stnplc,stay_in_place
stnt,"stunt,stint"
stnwl,stonewall
stnws,stonewash
stp,"stay_up,step,steep,set_up,shoot_up,stoop,stop,sit_up"
stpl,"staple,stipple"
stplt,stipulate
stpn,"steepen,step_on"
stpr,stopper
stpt,"stoop_to,step_out"
str,"stare,shatter,star,shutter,suture,oyster,stir,stray,steer,store"
strbrd,starboard
strc,starch
strckl,strickle
strctr,structure
strcz,ostracize
strd,stride
strdl,straddle
strdlt,stridulate
strdwn,stare_down
strf,"esterify,strafe"
strfr,stir_fry
strg,see_through
strgl,struggle
strgt,astrogate
strgtn,straighten
strgz,stargaze
strk,"strike,stroke,streak"
strkblw,strike_a_blow
strkcrd,strike_a_chord
strkdmb,strike_dumb
strkdwn,strike_down
strkp,strike_up
strkt,strike_out
strl,stroll
strlz,sterilize
strm,"stream,storm,strum"
strmln,streamline
strn,strain
strnd,strand
strng,"string,astringe,estrange"
strngl,strangle
strnglt,strangulate
strngrm,strong-arm
strngt,string_out
strngtn,strengthen
strp,"strap,strip,strop,stripe"
strpmn,strip_mine
strpsrc,strip-search
strs,stress
strt,"saturate,striate,start"
strtc,stretch
strtf,stratify
strtl,startle
strtn,straiten
strtwlk,street-walk
strv,"strive,starve"
strw,"strew,straw"
strz,satirize
stsf,satisfy
stsfc,satisfice
stt,"sit_out,stay_at"
sttgt,sit_tight
sttmsc,set_to_music
stv,stave
stvn,stave_in
stvt,estivate
stw,"stew,stow"
stww,stow_away
sv,"shave,save,sieve,shove"
svf,shove_off
svg,savage
svl,shovel
svr,"shiver,sever,savor"
svrlz,severalize
svt,sieve_out
svtz,sovietize
sw,"show,sow,sew,saw,seesaw"
swb,swab
swdl,swaddle
swfrm,shy_away_from
swg,"swage,swag"
swgr,swagger
swl,"swell,swill"
swltr,swelter
swlw,swallow
swm,swim
swmp,swamp
swn,swan
swng,swing
swngrnd,swing_around
swnsts,sow_one's_oats
swp,"sweep,swipe,swoop,swap"
swpndrtrg,sweep_under_the_rug
swpw,sweep_away
swr,"shower,swear"
swrf,swear_off
swrn,swear_in
swrv,swerve
sws,swash
swt,"sweat,swat"
swtc,switch
swtcf,switch_off
swtcn,switch_on
swtct,switch-hit
swtcvr,switch_over
swtdr,show_the_door
swtf,sweat_off
swtn,sweeten
swtr,swatter
sx,sex
sxlz,sexualize
sz,"size,seize"
szl,sizzle
szp,size_up
t,"hat,teethe,tie,heat,hit,out,tout,hoot,eat,toe,tee,toy,tat,tattoo,hate,tithe"
tb,"tube,taboo"
tbd,outbid
tbgn,toboggan
tbl,table
tblt,tabulate
tbrv,outbrave
tc,"hatch,teach,etch,touch,thatch,attach,hitch,itch"
tcdwn,touch_down
tck,"attack,tick,tack,tuck,hitchhike"
tckl,"tackle,tickle"
tckn,"thicken,tuck_in"
tckt,ticket
tcl,outcall
tcls,outclass
tclv,autoclave
tcn,touch_on
tcp,touch_up
tcrp,outcrop
tct,attach_to
tctp,touch-type
td,"tidy,tie-dye,outdo,thud,tide"
tdg,hot-dog
tdl,toddle
tdnz,attitudinize
tdrw,outdraw
tdstnc,outdistance
tdvr,tide_over
tdwn,tie_down
tf,tee_off
tfgt,outfight
tflnk,outflank
tfx,outfox
tg,"tag,tug"
tgl,toggle
tglng,tag_along
tgn,toughen
tgnrl,outgeneral
tgrp,autograph
tgrw,outgrow
tgtn,tighten
tgtnnsblt,tighten_one's_belt
tk,take
tkbck,take_back
tkbw,take_a_bow
tkcr,take_care
tkdr,take_a_dare
tkdv,take_a_dive
tkdwn,take_down
tkf,take_off
tkfc,take_office
tkfct,take_effect
tkftr,take_after
tkfv,take_five
tkjk,take_a_joke
tkkndlt,take_kindly_to
tkld,take_hold
tklk,take_a_look
tklngdwn,take_lying_down
tkm,take_home
tkn,take_in
tknslmps,take_one's_lumps
tkntc,take_notice
tknvn,take_in_vain
tkp,take_up
tkpns,take_pains
tkprd,take_pride
tkrdrs,take_orders
tkrt,take_heart
tkt,"take_out,take_a_hit,take_to"
tktblbtrns,take_the_bull_by_the_horns
tktck,take_the_cake
tktcnt,take_the_count
tktfld,take_the_field
tktflr,take_the_floor
tktft,take_the_fifth
tktmbtfrlck,take_time_by_the_forelock
tktn,take_ten
tktntcn,take_it_on_the_chin
tktrd,take_the_road
tktstg,take_the_stage
tktvl,take_the_veil
tkvr,take_over
tkw,take_away
tkwtr,take_water
tl,"total,tell,tally,teetotal,tail,tile,tool,till,toll,tootle"
tlc,talc
tlcmnct,telecommunicate
tlcst,telecast
tlcz,italicize
tlf,tell_off
tlgt,tailgate
tlgz,theologize
tlk,talk
tlkdwn,talk_down
tlkf,talk_of
tlknt,talk_into
tlksp,talk_shop
tlktf,talk_out_of
tlktrgnst,talk_through_one's_hat
tlktrk,talk_turkey
tln,tell_on
tlprt,teleport
tlptz,telepathize
tlr,tailor
tlrt,tolerate
tlscp,telescope
tlt,"etiolate,tilt,titillate"
tltrn,toilet-train
tlv,outlive
tlw,outlaw
tlx,telex
tlz,"utilize,totalize"
tm,"tame,time,team,hit_home,theme,teem"
tmbl,"tumble,automobile"
tmbldr,tumble_dry
tmbmb,atom-bomb
tmbtck,thumbtack
tmd,outmode
tmf,tumefy
tmlgz,etymologize
tmnvr,outmaneuver
tmp,thump
tmpdwn,tamp_down
tmpn,tampon
tmpr,"attemper,temper,tamper"
tmprz,temporize
tmpt,tempt
tmrc,outmarch
tmtz,automatize
tmwk,tomahawk
tmz,"atomize,itemize,autotomize"
tn,"tone,tan,tin,tune,attune,tauten,thin,eat_in,tie_in"
tnctr,tincture
tnd,"attend,tend"
tndr,"tender,thunder"
tndt,attend_to
tndwn,tone_down
tng,"tinge,tongue,tango,ting"
tngl,tingle
tngt,tongue-tie
tnk,"tank,think,thank"
tnkbt,think_about
tnkf,think_of
tnkl,tinkle
tnkp,think_up
tnkr,tinker
tnkt,think_out
tnktwc,think_twice
tnktwrldf,think_the_world_of
tnl,tunnel
tnmbr,outnumber
tnn,tune_in
tnr,tenure
tnrt,itinerate
tns,tense
tnsl,tinsel
tnsr,tonsure
tnt,"attenuate,tint,thin_out,eat_into,attaint,tenant"
tntct,authenticate
tntnblt,tintinnabulate
tp,"tip,heat_up,top,type,eat_up,tap,tie_up,tape,tee_up,tittup"
tpc,outpace
tpclz,topicalize
tpcst,typecast
tpdnc,"tap_dance,tapdance"
tpdrs,topdress
tpf,"top_off,typify,tip_off"
tpl,"outplay,tipple,topple"
tpnt,outpoint
tpr,taper
tprcrd,tape_record
tprf,taper_off
tps,autopsy
tpst,typeset
tpt,"output,tiptoe,top_out"
tr,"tear,tire,tree,try,true,tutor,utter,outroar,tar,tether,author,tour,teeter,totter,tarry"
trb,throb
trbl,"trouble,treble"
trblnslf,trouble_oneself
trblst,trouble-shoot
trblt,tribulate
trc,"terrace,torch,trace,trice"
trck,"track,truck"
trckl,"trickle,truckle"
trct,attract
trd,"out-herod,tread,thread,outride,trade"
trdl,treadle
trdmrk,trademark
trdn,heterodyne
trf,"etherify,turf,terrify,tariff"
trfc,traffic
trfr,try_for
trfrct,trifurcate
trgr,trigger
trgs,teargas
trgt,target
trk,trek
trl,"troll,trill,trail,thrill"
trls,trellis
trlz,etherealize
trm,"trim,term,tram"
trmbl,tremble
trmbs,thrombose
trmnt,torment
trmp,"trump,tramp"
trmpdwn,tramp_down
trmpl,trample
trmpp,trump_up
trmpt,trumpet
trmr,tremor
trmst,thermostat
trmtz,traumatize
trn,"try_on,train,turn,attorn,tourney,outrun,throne"
trnbck,turn_back
trnblnd,turn_a_blind_eye
trnc,trench
trnct,truncate
trndftr,tar-and-feather
trndl,trundle
trndwn,turn_down
trnf,turn_off
trng,"outrange,throng"
trnglt,triangulate
trnn,"turn_on,turn_in"
trnncdm,turn_a_nice_dime
trnndm,turn_on_a_dime
trnptt,turn_up_the_heat
trnrnd,turn_around
trns,tarnish
trnsbstnt,transubstantiate
trnscrb,transcribe
trnsct,"transect,transact"
trnsdc,transduce
trnsfgr,transfigure
trnsfr,transfer
trnsfrm,transform
trnsfs,transfuse
trnsfx,transfix
trnsgrs,transgress
trnslct,translocate
trnslt,translate
trnsltrt,transliterate
trnsmnt,transaminate
trnsmt,"transmute,transmit"
trnsp,transship
trnsplnt,transplant
trnspr,transpire
trnsprt,transport
trnsps,transpose
trnst,transit
trnstn,transition
trnstrz,transistorize
trnstvz,transitivize
trnt,"turn_out,turn_to"
trntmbsdwn,turn_thumbs_down
trntrck,turn_a_trick
trnttbls,turn_the_tables
trnvr,turn_over
trnw,turn_away
trnz,"tyrannize,eternize"
trp,"atrophy,trip,trap,troop"
trpd,torpedo
trpl,triple
trplct,triplicate
trplspc,triple-space
trpn,"trephine,trepan"
trpp,trip_up
trps,traipse
trs,"truss,thrash,trash"
trsct,trisect
trsps,trespass
trst,"trust,thrash_out,thrust,thirst"
trt,"treat,iterate,titrate,thoriate,troat,trot"
trtl,turtle
trtn,threaten
trtp,tart_up
trtr,"torture,teeter-totter"
trtrlz,territorialize
trtt,trot_out
trv,thrive
trvl,"outrival,travel"
trvlb,travel_by
trvlprpsfl,travel_purposefully
trvlrpdl,travel_rapidly
trvlt,travel_to
trvlz,trivialize
trvrs,traverse
trvst,travesty
trw,"tear_away,throw"
trwbck,throw_back
trwcldwtrn,throw_cold_water_on
trwl,"trawl,trowel"
trwn,throw_in
trz,"etherize,theorize,authorize,terrorize"
ts,"tease,toss"
tsf,toss_off
tsk,"tusk,tsk,task"
tsl,"outsail,outsell,tousle"
tslt,tessellate
tsn,"toss_in,outshine"
tspn,outspan
tsrc,outsource
tst,"taste,test,attest,outshout,toast,outstay"
tstdrv,test_drive
tstf,testify
tstfl,test_fly
tt,eat_out
ttdrt,hit_the_dirt
ttln,toe_the_line
tvt,outvote
tw,tow
twdl,"tweedle,twiddle"
twg,"twig,outweigh"
twk,tweak
twl,"towel,twill"
twn,"twin,twine"
twng,"twang,twinge"
twnkl,twinkle
twr,"hot-wire,outwear"
twrk,hot-work
twrl,twirl
twrt,thwart
twst,twist
twstp,two-step
twt,"outwit,tweet"
twtc,twitch
twtm,two-time
twz,tweeze
tx,"tax,taxi"
v,"have,heave,hive"
vbl,have_a_ball
vbnntvn,have_a_bun_in_the_oven
vbrt,vibrate
vc,"vouch,voice"
vcfrt,vociferate
vclz,vocalize
vcm,vacuum
vcsf,vouchsafe
vct,"evacuate,evict,vacate"
vctl,victual
vctmz,victimize
vctn,vacation
vd,"void,voodoo,evade,avoid"
vdtp,videotape
vdwn,have_down
vf,"vivify,hive_off"
vg,"voyage,have_a_go"
vgt,"vege_out,vegetate"
vl,"value,volley,avail,veil"
vlcnz,vulcanize
vlcr,velcro
vldt,validate
vlf,vilify
vlgrs,vulgarise
vlgrz,vulgarize
vlnc,avalanche
vlntr,volunteer
vls,avulse
vlt,"ovulate,evaluate,violate,vault,valet"
vltlz,volatilize
vlv,evolve
vmp,vamp
vmt,vomit
vn,"even,vein"
vnbk,ovenbake
vndct,vindicate
vndlz,vandalize
vnf,vinify
vnglz,evangelize
vnr,veneer
vns,vanish
vnsc,evanesce
vnsct,venesect
vnt,"vent,eventuate"
vntlt,ventilate
vntr,venture
vnz,avianize
vprt,evaporate
vr,"vary,veer,hover"
vrbd,overbid
vrbf,verbify
vrbl,overboil
vrblnc,overbalance
vrblz,verbalize
vrbr,overbear
vrbrdn,overburden
vrc,"overarch,overreach"
vrck,overcook
vrcld,overcloud
vrcm,overcome
vrcptlz,overcapitalize
vrcrct,over-correct
vrcrg,overcharge
vrcrp,overcrop
vrcrwd,overcrowd
vrcst,overcast
vrct,"overreact,overact"
vrcv,overachieve
vrd,"override,overdo"
vrdgrs,verdigris
vrdrmtz,overdramatize
vrdrs,overdress
vrdrv,overdrive
vrdrw,overdraw
vrds,overdose
vrf,verify
vrfd,overfeed
vrfl,overfill
vrflw,overflow
vrfn,overrefine
vrg,"average,verge"
vrgnrlz,overgeneralize
vrgrw,overgrow
vrgt,variegate
vrj,overjoy
vrl,"overhaul,overrule,overlie,overlay"
vrld,overload
vrlk,overlook
vrlp,"overleap,overlap"
vrm,vroom
vrmclt,vermiculate
vrmln,vermilion
vrmpsz,overemphasize
vrn,overrun
vrng,overhang
vrns,varnish
vrp,overpay
vrplt,overpopulate
vrprc,overprice
vrprdc,overproduce
vrprnt,overprint
vrprs,overpraise
vrprtct,overprotect
vrpwr,overpower
vrs,"verse,overuse,oversee"
vrsdw,overshadow
vrslp,oversleep
vrsmplf,oversimplify
vrspclz,overspecialize
vrspnd,overspend
vrst,"overshoot,overstate,overstay"
vrstck,overstock
vrstf,overstuff
vrstmt,overestimate
vrstrn,overstrain
vrsw,oversew
vrt,"overheat,avert,evert"
vrtk,overtake
vrtr,overtire
vrtrmp,overtrump
vrtrn,overturn
vrtrw,overthrow
vrtx,overtax
vrvl,overvalue
vrw,overawe
vrwlm,overwhelm
vrwrk,overwork
vrwrt,overwrite
vrxplt,overexploit
vrxps,overexpose
vrxrt,overexert
vs,visa
vsclrz,vascularize
vsclt,vesiculate
vscrt,eviscerate
vsct,vivisect
vsctmz,vasectomize
vslz,visualize
vst,"vest,visit"
vstr,vesture
vt,"vet,vote,veto"
vtcmng,have_it_coming
vtcnt,vaticinate
vtlz,vitalize
vtmnz,vitaminize
vtn,vote_in
vtrf,vitrify
vtrl,vitriol
vw,"avow,vow,view"
vx,vex
w,"hee-haw,haw,hew,wow,awe,yaw,owe,woo"
wb,web
wbl,wobble
wck,whack
wd,"weed,wade"
wdg,wedge
wdl,"wheedle,wedel"
wdn,widen
wdt,weed_out
wdw,widow
wf,whiff
wft,waft
wg,"wag,weigh"
wgdwn,weigh_down
wgncr,weigh_anchor
wgtlft,weight-lift
wgwg,wigwag
wk,"wake,hawk"
wkn,"awaken,weaken"
wknd,weekend
wkp,wake_up
wl,"wail,will,yowl,howl,wall,whale,wheel,well"
wlbrw,wheelbarrow
wlcm,welcome
wld,"weld,wield"
wlf,wolf
wlfwstl,wolf-whistle
wlk,"walk,whelk"
wlkf,walk_off
wlkn,walk_in
wlkrnd,walk_around
wlkt,walk_out
wlktf,walk_out_of
wlktrg,walk_through
wlkvr,walk_over
wln,wall_in
wlp,"whelp,wallop,well_up"
wlpr,wallpaper
wls,welsh
wlsl,wholesale
wlt,"welt,wilt"
wltr,welter
wltz,waltz
wlw,"wallow,while_away"
wmbl,wamble
wmp,whomp
wn,"yawn,wan,wane,whine,win,wine,wean,own"
wnbck,win_back
wnc,"wince,wench,winch"
wnd,"wind,wend"
wndp,wind_up
wndr,"wonder,wander"
wndsrf,windsurf
wndwsp,window-shop
wng,whang
wngl,wangle
wnk,wink
wnkl,winkle
wnklt,winkle_out
wnnddn,wine_and_dine
wnt,want
wntn,wanton
wntr,winter
wntrz,winterize
wnw,winnow
wp,"whoop,yawp,wipe,whip"
wpf,wipe_off
wpnz,weaponize
wpp,"wipe_up,whip_up"
wpsw,whipsaw
wpt,wipe_out
wptrg,whip_through
wr,"wear,whore,war,worry,wire"
wrbl,warble
wrd,award
wrdf,ward_off
wrf,wharf
wrk,work
wrkf,work_off
wrkn,work_in
wrkp,work_up
wrkt,"work_out,work_at"
wrktrg,work_through
wrl,whirl
wrlg,whirligig
wrm,warm
wrmp,warm_up
wrmt,warm_to
wrn,"wear_on,warn"
wrnc,wrench
wrng,"wring,wrong"
wrngl,wrangle
wrngt,wring_out
wrnkl,wrinkle
wrp,wrap
wrs,warehouse
wrsn,worsen
wrsp,"worship,wear_ship"
wrst,"worst,wrest"
wrstl,wrestle
wrt,"write,wreathe,writhe"
wrtcp,write_copy
wrtdwn,write_down
wrtf,write_off
wrtn,"write_in,write_on"
wrtp,"write_up,wiretap"
wrtt,write_out
wrw,wear_away
ws,"wash,wish,whish,whoosh,woosh"
wscrck,wisecrack
wsdwn,wash_down
wsk,whisk
wskf,whisk_off
wsnsnds,wash_one's_hands
wsp,"wash_up,wise_up"
wspr,whisper
wst,"waste,wash_out"
wstl,whistle
wstlstp,whistlestop
wsw,wash_away
wt,"wet,white-out,whet,whiteout,wait"
wtc,watch
wtdrw,withdraw
wtl,"wattle,whittle"
wtld,withhold
wtlw,whittle_away
wtn,whiten
wtns,"witness,eyewitness"
wtr,"water,weather"
wtrclr,watercolour
wtrdwn,water_down
wtrprf,"weatherproof,waterproof"
wtrsk,water_ski
wtrstrp,weatherstrip
wtrws,water-wash
wtt,white_out
wtws,whitewash
wv,"wave,weave,wive,waive"
wvf,wave_off
wvr,waver
wx,wax
wz,"wheeze,whizz"
x,"ax,hex,axe,hoax"
xbrt,exuberate
xbt,exhibit
xcd,exceed
xcl,excel
xcld,exclude
xclm,exclaim
xcmnct,excommunicate
xcng,exchange
xcrbt,exacerbate
xcrpt,excerpt
xcrt,excrete
xcs,"excise,excuse"
xct,"excite,execute"
xcvt,excavate
xd,exude
xds,oxidise
xdz,oxidize
xflt,exfoliate
xgnt,oxygenate
xgnz,oxygenize
xl,exhale
xlrt,exhilarate
xlt,"exalt,exult"
xmn,examine
xmplf,exemplify
xmpt,exempt
xntrt,exenterate
xpct,expect
xpctrt,expectorate
xpdt,expedite
xpl,expel
xplct,explicate
xpld,explode
xpldbmbsl,explode_a_bombshell
xpln,explain
xplr,explore
xplt,exploit
xpnd,expand
xpns,expense
xprmnt,experiment
xprnc,experience
xprprt,expropriate
xprs,express
xprsml,express-mail
xprsmtn,express_emotion
xprt,export
xps,expose
xpstlt,expostulate
xpt,expiate
xptrt,expatriate
xr,x-ray
xrcs,"exercise,exorcise"
xrt,exert
xsct,exsiccate
xsrt,exsert
xst,"exhaust,exist"
xt,exit
xtnd,extend
xtndnslf,extend_oneself
xtngs,extinguish
xtnt,extenuate
xtrct,"extract,extricate"
xtrd,extrude
xtrdt,extradite
xtrmnt,exterminate
xtrplt,extrapolate
xtrpt,extirpate
xtrt,extort
xtrvst,extravasate
xtrz,exteriorize
z,haze
zgzg,zigzag
zm,zoom
zmn,zoom_in
zn,zone
znc,zinc
znkt,zonk_out
znz,ozonize
zp,zap
zpb,zip_by
zpp,zip_up
zr,"azure,zero"
zst,zest
ztrg,ooze_through
